,Unnamed: 0,fold,model_name,pred_acc,seed,sub_id,xopt_alpha_neg,xopt_alpha_pos,xopt_beta,xopt_exp_neg,xopt_exp_pos,xopt_lossave,model
0,0,1,LearningParams_Fit_alpha_neg-alpha_pos-beta-exp_neg-exp_pos-lossave_Fix,0.5777777777777777,4101932,200025,0.05,2.0,0.05730091123760196,1.024712909345996,0.5693273766922573,10.0,CV_LearningParams_Fit_alpha_neg-alpha_pos-beta-exp_neg-exp_pos-lossave_Fix_
1,0,2,LearningParams_Fit_alpha_neg-alpha_pos-beta-exp_neg-exp_pos-lossave_Fix,0.6444444444444445,4101932,200025,0.1228540641674762,0.05,0.9968916993579108,0.43965940714900775,0.7098814013143643,2.4144723252943767,CV_LearningParams_Fit_alpha_neg-alpha_pos-beta-exp_neg-exp_pos-lossave_Fix_
2,0,3,LearningParams_Fit_alpha_neg-alpha_pos-beta-exp_neg-exp_pos-lossave_Fix,0.8444444444444444,4101932,200025,0.05,0.17712943607368892,1.5449497325688908,0.6956218825247847,0.4583418521017587,1.1343417787465369,CV_LearningParams_Fit_alpha_neg-alpha_pos-beta-exp_neg-exp_pos-lossave_Fix_
3,0,4,LearningParams_Fit_alpha_neg-alpha_pos-beta-exp_neg-exp_pos-lossave_Fix,0.6222222222222222,4101932,200025,0.05,0.3276079632943257,1.5441015720199367,1.407040044791121,0.6965580219614247,0.005126606523297964,CV_LearningParams_Fit_alpha_neg-alpha_pos-beta-exp_neg-exp_pos-lossave_Fix_
0,0,1,LearningParams_Fit_alpha_neg-alpha_pos-beta-exp_neg-exp_pos-lossave_Fix,0.4666666666666667,1919053,411477,1.1506982593409416,0.2826573452109637,0.8361143807003194,0.19247433042537865,0.5101283268214379,0.06059802466813208,CV_LearningParams_Fit_alpha_neg-alpha_pos-beta-exp_neg-exp_pos-lossave_Fix_
1,0,2,LearningParams_Fit_alpha_neg-alpha_pos-beta-exp_neg-exp_pos-lossave_Fix,0.5555555555555556,1919053,411477,0.7612584683754741,1.1321089970500569,0.4873019832472537,0.14505887900350958,0.05,0.2825125047765789,CV_LearningParams_Fit_alpha_neg-alpha_pos-beta-exp_neg-exp_pos-lossave_Fix_
2,0,3,LearningParams_Fit_alpha_neg-alpha_pos-beta-exp_neg-exp_pos-lossave_Fix,0.3111111111111111,1919053,411477,0.6965614011937005,0.846863928974572,0.35852096500290404,0.188119840646896,0.05979205016495338,0.035962780509287265,CV_LearningParams_Fit_alpha_neg-alpha_pos-beta-exp_neg-exp_pos-lossave_Fix_
3,0,4,LearningParams_Fit_alpha_neg-alpha_pos-beta-exp_neg-exp_pos-lossave_Fix,0.3555555555555556,1919053,411477,0.09753066326133823,0.17065117394935608,3.7119729948912537,0.3593655216861963,0.05,0.04246587541826511,CV_LearningParams_Fit_alpha_neg-alpha_pos-beta-exp_neg-exp_pos-lossave_Fix_
0,0,1,LearningParams_Fit_alpha_neg-alpha_pos-beta-exp_neg-exp_pos-lossave_Fix,0.5777777777777777,3270715,200156,0.08654392366589984,0.9094998264238601,2.7376952931641663,0.7973725145983529,0.05,0.00463178062658686,CV_LearningParams_Fit_alpha_neg-alpha_pos-beta-exp_neg-exp_pos-lossave_Fix_
1,0,2,LearningParams_Fit_alpha_neg-alpha_pos-beta-exp_neg-exp_pos-lossave_Fix,0.4,3270715,200156,0.8175300192400123,0.1964207300507292,0.03779425930805823,0.16797102915866524,0.837186156126789,4.053942562353978,CV_LearningParams_Fit_alpha_neg-alpha_pos-beta-exp_neg-exp_pos-lossave_Fix_
2,0,3,LearningParams_Fit_alpha_neg-alpha_pos-beta-exp_neg-exp_pos-lossave_Fix,0.6666666666666666,3270715,200156,0.08787339540565571,1.183181097801108,0.026679352364837282,0.06974547801924239,0.5395171064510267,1.6555647588310851,CV_LearningParams_Fit_alpha_neg-alpha_pos-beta-exp_neg-exp_pos-lossave_Fix_
3,0,4,LearningParams_Fit_alpha_neg-alpha_pos-beta-exp_neg-exp_pos-lossave_Fix,0.24444444444444444,3270715,200156,0.05,0.12244998803470725,0.3792740180708813,0.6038340635555913,0.4509558204470353,0.2653102704088581,CV_LearningParams_Fit_alpha_neg-alpha_pos-beta-exp_neg-exp_pos-lossave_Fix_
0,0,1,LearningParams_Fit_alpha_neg-alpha_pos-beta-exp_neg-exp_pos-lossave_Fix,0.7777777777777778,2433629,200173,0.05,0.05754852017110928,0.2427607649661717,0.6805333705651894,0.9181149636291448,8.627216019970746,CV_LearningParams_Fit_alpha_neg-alpha_pos-beta-exp_neg-exp_pos-lossave_Fix_
1,0,2,LearningParams_Fit_alpha_neg-alpha_pos-beta-exp_neg-exp_pos-lossave_Fix,0.7111111111111111,2433629,200173,0.05,0.057236099043473425,0.2134371709194792,0.7205451559634359,0.9062177352858176,8.590077341981859,CV_LearningParams_Fit_alpha_neg-alpha_pos-beta-exp_neg-exp_pos-lossave_Fix_
2,0,3,LearningParams_Fit_alpha_neg-alpha_pos-beta-exp_neg-exp_pos-lossave_Fix,0.4222222222222222,2433629,200173,0.05,0.06684815892698558,0.23594623339619125,1.0044109027440318,0.8920310905681779,5.79901042963884,CV_LearningParams_Fit_alpha_neg-alpha_pos-beta-exp_neg-exp_pos-lossave_Fix_
3,0,4,LearningParams_Fit_alpha_neg-alpha_pos-beta-exp_neg-exp_pos-lossave_Fix,0.9111111111111112,2433629,200173,2.0,0.09528975954433697,0.00574458262202817,0.05,2.0,0.0,CV_LearningParams_Fit_alpha_neg-alpha_pos-beta-exp_neg-exp_pos-lossave_Fix_
0,0,1,LearningParams_Fit_alpha_neg-alpha_pos-beta-exp_neg-exp_pos-lossave_Fix,0.4666666666666667,1842153,306587,0.20225591299397944,0.055244638351836566,5.537697879316384,0.05,0.05,0.16153179539034773,CV_LearningParams_Fit_alpha_neg-alpha_pos-beta-exp_neg-exp_pos-lossave_Fix_
1,0,2,LearningParams_Fit_alpha_neg-alpha_pos-beta-exp_neg-exp_pos-lossave_Fix,0.6,1842153,306587,0.05,2.0,0.0,0.05,2.0,0.0,CV_LearningParams_Fit_alpha_neg-alpha_pos-beta-exp_neg-exp_pos-lossave_Fix_
2,0,3,LearningParams_Fit_alpha_neg-alpha_pos-beta-exp_neg-exp_pos-lossave_Fix,0.24444444444444444,1842153,306587,0.2386060781307325,0.05,3.730889450805309,0.05,0.05,0.19976767520981675,CV_LearningParams_Fit_alpha_neg-alpha_pos-beta-exp_neg-exp_pos-lossave_Fix_
3,0,4,LearningParams_Fit_alpha_neg-alpha_pos-beta-exp_neg-exp_pos-lossave_Fix,0.3555555555555556,1842153,306587,0.05,0.05000021465928952,15.0,2.0,0.050000246716968115,1.0823960442950343e-06,CV_LearningParams_Fit_alpha_neg-alpha_pos-beta-exp_neg-exp_pos-lossave_Fix_
0,0,1,LearningParams_Fit_alpha_neg-alpha_pos-beta-exp_neg-exp_pos-lossave_Fix,0.4,554502,100068,0.3963972626575132,0.8214317693624124,1.1225178207471218,0.3700156524498287,0.05,0.3867477960359621,CV_LearningParams_Fit_alpha_neg-alpha_pos-beta-exp_neg-exp_pos-lossave_Fix_
1,0,2,LearningParams_Fit_alpha_neg-alpha_pos-beta-exp_neg-exp_pos-lossave_Fix,0.24444444444444444,554502,100068,0.9294659183811016,0.19231125008944008,0.4937885381974785,0.1453128209360595,0.4646049534805424,0.8477094640740712,CV_LearningParams_Fit_alpha_neg-alpha_pos-beta-exp_neg-exp_pos-lossave_Fix_
2,0,3,LearningParams_Fit_alpha_neg-alpha_pos-beta-exp_neg-exp_pos-lossave_Fix,0.4666666666666667,554502,100068,0.3212986109075339,0.8707960493287191,1.1985608419449114,0.4245558557627275,0.05,0.4142550184202341,CV_LearningParams_Fit_alpha_neg-alpha_pos-beta-exp_neg-exp_pos-lossave_Fix_
3,0,4,LearningParams_Fit_alpha_neg-alpha_pos-beta-exp_neg-exp_pos-lossave_Fix,0.4666666666666667,554502,100068,0.39055168472087937,0.8409430743857848,0.8512028032228309,0.3746397254219133,0.05,0.6169226889240732,CV_LearningParams_Fit_alpha_neg-alpha_pos-beta-exp_neg-exp_pos-lossave_Fix_
0,0,1,LearningParams_Fit_alpha_neg-alpha_pos-beta-exp_neg-exp_pos-lossave_Fix,0.7111111111111111,5079854,409874,1.661147630279917,1.1407968390227587,0.053577117579958713,0.06423513209716175,0.3740117234424651,5.108192743117512,CV_LearningParams_Fit_alpha_neg-alpha_pos-beta-exp_neg-exp_pos-lossave_Fix_
1,0,2,LearningParams_Fit_alpha_neg-alpha_pos-beta-exp_neg-exp_pos-lossave_Fix,0.5333333333333333,5079854,409874,1.5456657121886959,0.9496966943957946,0.07293832727582074,0.07739417465765355,0.2226734978486506,2.5974370460297087,CV_LearningParams_Fit_alpha_neg-alpha_pos-beta-exp_neg-exp_pos-lossave_Fix_
2,0,3,LearningParams_Fit_alpha_neg-alpha_pos-beta-exp_neg-exp_pos-lossave_Fix,0.6222222222222222,5079854,409874,0.955248076858592,0.627614204163178,0.0663222231754356,0.06047850692773748,0.34861025856264066,6.9246975339998444,CV_LearningParams_Fit_alpha_neg-alpha_pos-beta-exp_neg-exp_pos-lossave_Fix_
3,0,4,LearningParams_Fit_alpha_neg-alpha_pos-beta-exp_neg-exp_pos-lossave_Fix,0.13333333333333333,5079854,409874,2.0,0.05000002002209072,6.320807073883919,1.999999992612968,0.05000001155888217,1.264238749670803e-07,CV_LearningParams_Fit_alpha_neg-alpha_pos-beta-exp_neg-exp_pos-lossave_Fix_
0,0,1,LearningParams_Fit_alpha_neg-alpha_pos-beta-exp_neg-exp_pos-lossave_Fix,0.4666666666666667,4013552,100104,0.2007070155675921,0.17716317744868507,3.840247460141319,0.234890575764424,0.050002396310497216,0.0748107479327683,CV_LearningParams_Fit_alpha_neg-alpha_pos-beta-exp_neg-exp_pos-lossave_Fix_
1,0,2,LearningParams_Fit_alpha_neg-alpha_pos-beta-exp_neg-exp_pos-lossave_Fix,0.26666666666666666,4013552,100104,0.36940930816534906,0.1287204984400862,5.005394159133665,0.13144600221172714,0.05,0.022846924022823716,CV_LearningParams_Fit_alpha_neg-alpha_pos-beta-exp_neg-exp_pos-lossave_Fix_
2,0,3,LearningParams_Fit_alpha_neg-alpha_pos-beta-exp_neg-exp_pos-lossave_Fix,0.4888888888888889,4013552,100104,0.3728066146670089,0.31962343773002444,6.468262704758209,0.2748671744642193,0.10251416325194017,0.034694328316122625,CV_LearningParams_Fit_alpha_neg-alpha_pos-beta-exp_neg-exp_pos-lossave_Fix_
3,0,4,LearningParams_Fit_alpha_neg-alpha_pos-beta-exp_neg-exp_pos-lossave_Fix,0.2,4013552,100104,0.7575910559176604,0.05029692859857352,0.3143951940331311,0.9976834198398542,0.95406829123782,0.05788530736032376,CV_LearningParams_Fit_alpha_neg-alpha_pos-beta-exp_neg-exp_pos-lossave_Fix_
0,0,1,LearningParams_Fit_alpha_neg-alpha_pos-beta-exp_neg-exp_pos-lossave_Fix,0.4444444444444444,5767048,311479,0.37202128628679293,0.0585711731055515,1.8042475896532952,0.05,0.5422565426609435,0.4211618772411975,CV_LearningParams_Fit_alpha_neg-alpha_pos-beta-exp_neg-exp_pos-lossave_Fix_
1,0,2,LearningParams_Fit_alpha_neg-alpha_pos-beta-exp_neg-exp_pos-lossave_Fix,0.3111111111111111,5767048,311479,0.6544237159838716,0.11823398167295078,15.0,0.10321655001534837,0.3631680014324585,0.006519449306763839,CV_LearningParams_Fit_alpha_neg-alpha_pos-beta-exp_neg-exp_pos-lossave_Fix_
2,0,3,LearningParams_Fit_alpha_neg-alpha_pos-beta-exp_neg-exp_pos-lossave_Fix,0.2222222222222222,5767048,311479,0.05,0.10519257058188601,4.572996115620321,0.5506771398995897,0.06986113011028655,0.011308575398660464,CV_LearningParams_Fit_alpha_neg-alpha_pos-beta-exp_neg-exp_pos-lossave_Fix_
3,0,4,LearningParams_Fit_alpha_neg-alpha_pos-beta-exp_neg-exp_pos-lossave_Fix,0.7333333333333333,5767048,311479,0.2430923978213601,0.3391828686602773,0.5525015744221797,0.05,0.09653330885315738,1.6445468144344386,CV_LearningParams_Fit_alpha_neg-alpha_pos-beta-exp_neg-exp_pos-lossave_Fix_
0,0,1,LearningParams_Fit_alpha_neg-alpha_pos-beta-exp_neg-exp_pos-lossave_Fix,0.5555555555555556,6894464,100062,1.0138050911569418,0.05,0.0527397603430026,0.3071885694531534,1.2239827250216515,8.42194929326053,CV_LearningParams_Fit_alpha_neg-alpha_pos-beta-exp_neg-exp_pos-lossave_Fix_
1,0,2,LearningParams_Fit_alpha_neg-alpha_pos-beta-exp_neg-exp_pos-lossave_Fix,0.6666666666666666,6894464,100062,0.05,1.7792584510549003,0.4124590601935279,0.8149137983565111,0.19274712329839672,2.533241306563325,CV_LearningParams_Fit_alpha_neg-alpha_pos-beta-exp_neg-exp_pos-lossave_Fix_
2,0,3,LearningParams_Fit_alpha_neg-alpha_pos-beta-exp_neg-exp_pos-lossave_Fix,0.4888888888888889,6894464,100062,0.05,0.3493577602507556,0.06102956449393701,0.9421499342269786,0.7636153816757124,10.0,CV_LearningParams_Fit_alpha_neg-alpha_pos-beta-exp_neg-exp_pos-lossave_Fix_
3,0,4,LearningParams_Fit_alpha_neg-alpha_pos-beta-exp_neg-exp_pos-lossave_Fix,0.6444444444444445,6894464,100062,0.7973601010824977,0.05,0.06223337686120496,0.5528262988599436,1.2788951721126538,1.3096220183099412,CV_LearningParams_Fit_alpha_neg-alpha_pos-beta-exp_neg-exp_pos-lossave_Fix_
0,0,1,LearningParams_Fit_alpha_neg-alpha_pos-beta-exp_neg-exp_pos-lossave_Fix,0.4666666666666667,8885330,408952,0.33605971053206074,2.0,0.054329283422908034,0.6653821226907006,0.4973961504250652,2.7725529718251347,CV_LearningParams_Fit_alpha_neg-alpha_pos-beta-exp_neg-exp_pos-lossave_Fix_
1,0,2,LearningParams_Fit_alpha_neg-alpha_pos-beta-exp_neg-exp_pos-lossave_Fix,0.5333333333333333,8885330,408952,0.05783355327753044,1.999999995758676,0.4559045291829292,1.2854568347233295,0.2938525339938729,0.036852758045772115,CV_LearningParams_Fit_alpha_neg-alpha_pos-beta-exp_neg-exp_pos-lossave_Fix_
2,0,3,LearningParams_Fit_alpha_neg-alpha_pos-beta-exp_neg-exp_pos-lossave_Fix,0.6888888888888889,8885330,408952,0.05973816342272684,0.0500012647605332,5.018925745091964,0.897132441765146,0.8770597081602872,0.023009139819866336,CV_LearningParams_Fit_alpha_neg-alpha_pos-beta-exp_neg-exp_pos-lossave_Fix_
3,0,4,LearningParams_Fit_alpha_neg-alpha_pos-beta-exp_neg-exp_pos-lossave_Fix,0.4888888888888889,8885330,408952,0.05348487325746499,0.4820049196142838,1.080352360281861,1.1040180034087523,0.3946315084644386,0.04097274793216791,CV_LearningParams_Fit_alpha_neg-alpha_pos-beta-exp_neg-exp_pos-lossave_Fix_
0,0,1,LearningParams_Fit_alpha_neg-alpha_pos-beta-exp_neg-exp_pos-lossave_Fix,0.5333333333333333,999842,400285,1.1022446216453463,0.24620906170106455,0.6887222656914609,0.257245235431524,0.6080816785301678,0.030053516305068258,CV_LearningParams_Fit_alpha_neg-alpha_pos-beta-exp_neg-exp_pos-lossave_Fix_
1,0,2,LearningParams_Fit_alpha_neg-alpha_pos-beta-exp_neg-exp_pos-lossave_Fix,0.5333333333333333,999842,400285,0.2345510399676999,1.7398021018084544,0.7800076955314065,0.6074741121712024,0.2027245225784627,0.1453521364766751,CV_LearningParams_Fit_alpha_neg-alpha_pos-beta-exp_neg-exp_pos-lossave_Fix_
2,0,3,LearningParams_Fit_alpha_neg-alpha_pos-beta-exp_neg-exp_pos-lossave_Fix,0.17777777777777778,999842,400285,0.05,0.9659331986816742,0.2504007915679041,0.8728269353865246,0.2371156215412481,1.378374979157548,CV_LearningParams_Fit_alpha_neg-alpha_pos-beta-exp_neg-exp_pos-lossave_Fix_
3,0,4,LearningParams_Fit_alpha_neg-alpha_pos-beta-exp_neg-exp_pos-lossave_Fix,0.6666666666666666,999842,400285,0.364563133916705,1.8871887811237933,0.43697719526757534,0.5682706015948923,0.21325080335227847,0.19948920186055302,CV_LearningParams_Fit_alpha_neg-alpha_pos-beta-exp_neg-exp_pos-lossave_Fix_
0,0,1,LearningParams_Fit_alpha_neg-alpha_pos-beta-exp_neg-exp_pos-lossave_Fix,0.5555555555555556,1413574,100241,0.05,0.8186636749208946,0.5178531026783103,0.05,0.2740211952279604,0.0,CV_LearningParams_Fit_alpha_neg-alpha_pos-beta-exp_neg-exp_pos-lossave_Fix_
1,0,2,LearningParams_Fit_alpha_neg-alpha_pos-beta-exp_neg-exp_pos-lossave_Fix,0.4222222222222222,1413574,100241,0.056300738451783676,1.4575056449110415,0.4355963222123793,0.05,0.1867907130134481,2.62632226610898,CV_LearningParams_Fit_alpha_neg-alpha_pos-beta-exp_neg-exp_pos-lossave_Fix_
2,0,3,LearningParams_Fit_alpha_neg-alpha_pos-beta-exp_neg-exp_pos-lossave_Fix,0.6666666666666666,1413574,100241,0.05,0.05,1.2590560660319698,0.05,1.1638369063020448,0.0,CV_LearningParams_Fit_alpha_neg-alpha_pos-beta-exp_neg-exp_pos-lossave_Fix_
3,0,4,LearningParams_Fit_alpha_neg-alpha_pos-beta-exp_neg-exp_pos-lossave_Fix,0.5777777777777777,1413574,100241,0.05,0.9390469612546924,0.5225162979791623,0.05,0.3610433870466985,0.0,CV_LearningParams_Fit_alpha_neg-alpha_pos-beta-exp_neg-exp_pos-lossave_Fix_
0,0,1,LearningParams_Fit_alpha_neg-alpha_pos-beta-exp_neg-exp_pos-lossave_Fix,0.7555555555555555,1937246,407209,0.05016573270630642,1.0843053440092272,0.06486201536209546,1.0444126171743795,0.5897335440929263,0.683229184876697,CV_LearningParams_Fit_alpha_neg-alpha_pos-beta-exp_neg-exp_pos-lossave_Fix_
1,0,2,LearningParams_Fit_alpha_neg-alpha_pos-beta-exp_neg-exp_pos-lossave_Fix,0.2222222222222222,1937246,407209,0.05,2.0,0.13358853295483325,0.9490771441198343,0.2569839205848445,0.6987779160204625,CV_LearningParams_Fit_alpha_neg-alpha_pos-beta-exp_neg-exp_pos-lossave_Fix_
2,0,3,LearningParams_Fit_alpha_neg-alpha_pos-beta-exp_neg-exp_pos-lossave_Fix,0.6888888888888889,1937246,407209,0.05,1.881161255971308,0.3774941520710338,0.9341351264796796,0.200488705214214,0.3115581611690689,CV_LearningParams_Fit_alpha_neg-alpha_pos-beta-exp_neg-exp_pos-lossave_Fix_
3,0,4,LearningParams_Fit_alpha_neg-alpha_pos-beta-exp_neg-exp_pos-lossave_Fix,0.7333333333333333,1937246,407209,0.11846580005202333,2.0,0.043010727583505534,0.05,0.4118370514879686,0.0,CV_LearningParams_Fit_alpha_neg-alpha_pos-beta-exp_neg-exp_pos-lossave_Fix_
0,0,1,LearningParams_Fit_alpha_neg-alpha_pos-beta-exp_neg-exp_pos-lossave_Fix,0.6666666666666666,9649704,409381,0.13055044168670926,0.15979115430647764,2.5088185953295308,0.8262574229335843,0.6664088491150956,0.060859825198575385,CV_LearningParams_Fit_alpha_neg-alpha_pos-beta-exp_neg-exp_pos-lossave_Fix_
1,0,2,LearningParams_Fit_alpha_neg-alpha_pos-beta-exp_neg-exp_pos-lossave_Fix,0.6666666666666666,9649704,409381,0.5778214832095641,0.8112008603423159,0.0004911246263007116,0.05911885347505438,1.9655866901952928,2.200355718522566,CV_LearningParams_Fit_alpha_neg-alpha_pos-beta-exp_neg-exp_pos-lossave_Fix_
2,0,3,LearningParams_Fit_alpha_neg-alpha_pos-beta-exp_neg-exp_pos-lossave_Fix,0.6666666666666666,9649704,409381,0.05,0.05,0.7887378452800404,0.8045180243365648,0.8303561115920906,0.4317611973660817,CV_LearningParams_Fit_alpha_neg-alpha_pos-beta-exp_neg-exp_pos-lossave_Fix_
3,0,4,LearningParams_Fit_alpha_neg-alpha_pos-beta-exp_neg-exp_pos-lossave_Fix,0.6666666666666666,9649704,409381,0.11413963293337813,0.05,1.7766269800242362,0.6668996851284542,0.7531727996480923,0.17705673214839085,CV_LearningParams_Fit_alpha_neg-alpha_pos-beta-exp_neg-exp_pos-lossave_Fix_
0,0,1,LearningParams_Fit_alpha_neg-alpha_pos-beta-exp_neg-exp_pos-lossave_Fix,0.6666666666666666,4857135,402997,0.08924016773813198,0.05,0.6336871121702305,0.6651774219375187,0.6912271955939759,1.679892087889389,CV_LearningParams_Fit_alpha_neg-alpha_pos-beta-exp_neg-exp_pos-lossave_Fix_
1,0,2,LearningParams_Fit_alpha_neg-alpha_pos-beta-exp_neg-exp_pos-lossave_Fix,0.7111111111111111,4857135,402997,1.845184364096424,0.6874709353971616,5.247962294156073,0.7387455856978354,0.647359830178236,0.00524560310923052,CV_LearningParams_Fit_alpha_neg-alpha_pos-beta-exp_neg-exp_pos-lossave_Fix_
2,0,3,LearningParams_Fit_alpha_neg-alpha_pos-beta-exp_neg-exp_pos-lossave_Fix,0.4888888888888889,4857135,402997,0.05,0.4527236181618022,0.08715289088461729,1.2014114115732362,0.5938700668883146,0.4698156618178251,CV_LearningParams_Fit_alpha_neg-alpha_pos-beta-exp_neg-exp_pos-lossave_Fix_
3,0,4,LearningParams_Fit_alpha_neg-alpha_pos-beta-exp_neg-exp_pos-lossave_Fix,0.4888888888888889,4857135,402997,0.058225271164837326,0.05,0.14658970403918398,1.4702214221721774,1.3090420281608446,0.4804364919258798,CV_LearningParams_Fit_alpha_neg-alpha_pos-beta-exp_neg-exp_pos-lossave_Fix_
0,0,1,LearningParams_Fit_alpha_neg-alpha_pos-beta-exp_neg-exp_pos-lossave_Fix,0.7333333333333333,6630279,200061,0.16126797455541844,0.06950243938843381,0.04613481395781199,0.8144726000156843,1.7775658092621083,2.297474889200108,CV_LearningParams_Fit_alpha_neg-alpha_pos-beta-exp_neg-exp_pos-lossave_Fix_
1,0,2,LearningParams_Fit_alpha_neg-alpha_pos-beta-exp_neg-exp_pos-lossave_Fix,0.7555555555555555,6630279,200061,0.05,0.12554047518872335,4.688130372761036,0.6200468029200797,0.5960856452061196,0.15448356706929472,CV_LearningParams_Fit_alpha_neg-alpha_pos-beta-exp_neg-exp_pos-lossave_Fix_
2,0,3,LearningParams_Fit_alpha_neg-alpha_pos-beta-exp_neg-exp_pos-lossave_Fix,0.5111111111111111,6630279,200061,1.6169197463659934,0.4421121958593862,4.201909527895242,0.2582554605751837,0.6818188425194316,0.036374448069986416,CV_LearningParams_Fit_alpha_neg-alpha_pos-beta-exp_neg-exp_pos-lossave_Fix_
3,0,4,LearningParams_Fit_alpha_neg-alpha_pos-beta-exp_neg-exp_pos-lossave_Fix,0.3555555555555556,6630279,200061,0.0804543395344201,0.058096185690823476,14.978825319538796,0.4771714475445872,0.574319807107974,0.14685568083324566,CV_LearningParams_Fit_alpha_neg-alpha_pos-beta-exp_neg-exp_pos-lossave_Fix_
0,0,1,LearningParams_Fit_alpha_neg-alpha_pos-beta-exp_neg-exp_pos-lossave_Fix,0.3555555555555556,9640940,100250,0.1563933818663191,0.05,0.9077892475078536,0.2393956698244359,0.21678787654112425,1.515917633300332,CV_LearningParams_Fit_alpha_neg-alpha_pos-beta-exp_neg-exp_pos-lossave_Fix_
1,0,2,LearningParams_Fit_alpha_neg-alpha_pos-beta-exp_neg-exp_pos-lossave_Fix,0.26666666666666666,9640940,100250,0.2425522361609609,0.05,0.04430551486033898,0.3045485406425051,0.05068464973897679,10.0,CV_LearningParams_Fit_alpha_neg-alpha_pos-beta-exp_neg-exp_pos-lossave_Fix_
2,0,3,LearningParams_Fit_alpha_neg-alpha_pos-beta-exp_neg-exp_pos-lossave_Fix,0.2222222222222222,9640940,100250,0.6878584331366956,0.05,0.8358847984150555,0.2696599317396425,0.05,0.25501597493110617,CV_LearningParams_Fit_alpha_neg-alpha_pos-beta-exp_neg-exp_pos-lossave_Fix_
3,0,4,LearningParams_Fit_alpha_neg-alpha_pos-beta-exp_neg-exp_pos-lossave_Fix,0.4444444444444444,9640940,100250,0.6327018518377096,0.05,0.07742202401746351,0.17092937202277975,0.40761634179332573,3.697856790702134,CV_LearningParams_Fit_alpha_neg-alpha_pos-beta-exp_neg-exp_pos-lossave_Fix_
0,0,1,LearningParams_Fit_alpha_neg-alpha_pos-beta-exp_neg-exp_pos-lossave_Fix,0.4,5872064,100152,0.4762537259665134,0.05,0.05811294922572355,0.3320772695219206,1.2876241396518582,10.0,CV_LearningParams_Fit_alpha_neg-alpha_pos-beta-exp_neg-exp_pos-lossave_Fix_
1,0,2,LearningParams_Fit_alpha_neg-alpha_pos-beta-exp_neg-exp_pos-lossave_Fix,0.5333333333333333,5872064,100152,0.33665278617193595,0.05,15.0,0.31931990486111483,0.8219487899904752,0.030872909716398125,CV_LearningParams_Fit_alpha_neg-alpha_pos-beta-exp_neg-exp_pos-lossave_Fix_
2,0,3,LearningParams_Fit_alpha_neg-alpha_pos-beta-exp_neg-exp_pos-lossave_Fix,0.5777777777777777,5872064,100152,0.33192710454842644,0.05,0.5117133411291522,0.33880262643730386,0.9144971411291684,0.9951665854259114,CV_LearningParams_Fit_alpha_neg-alpha_pos-beta-exp_neg-exp_pos-lossave_Fix_
3,0,4,LearningParams_Fit_alpha_neg-alpha_pos-beta-exp_neg-exp_pos-lossave_Fix,0.8888888888888888,5872064,100152,0.05,0.06196351265378593,0.3434125693709985,0.6702141956991102,0.8721780067438758,1.4798994409952473,CV_LearningParams_Fit_alpha_neg-alpha_pos-beta-exp_neg-exp_pos-lossave_Fix_
0,0,1,LearningParams_Fit_alpha_neg-alpha_pos-beta-exp_neg-exp_pos-lossave_Fix,0.5333333333333333,1706597,200199,0.21636908423997966,0.5676690986166872,0.2616214634681157,0.050887039648905216,0.05,1.6155619308552946,CV_LearningParams_Fit_alpha_neg-alpha_pos-beta-exp_neg-exp_pos-lossave_Fix_
1,0,2,LearningParams_Fit_alpha_neg-alpha_pos-beta-exp_neg-exp_pos-lossave_Fix,0.6444444444444445,1706597,200199,0.5814239982614444,0.8065925146868799,0.3253990726404176,0.05,0.05,0.35752158644623616,CV_LearningParams_Fit_alpha_neg-alpha_pos-beta-exp_neg-exp_pos-lossave_Fix_
2,0,3,LearningParams_Fit_alpha_neg-alpha_pos-beta-exp_neg-exp_pos-lossave_Fix,0.4222222222222222,1706597,200199,0.3753460241190904,0.5144096280785408,0.5728750012379893,0.05,0.05,0.8174078885434979,CV_LearningParams_Fit_alpha_neg-alpha_pos-beta-exp_neg-exp_pos-lossave_Fix_
3,0,4,LearningParams_Fit_alpha_neg-alpha_pos-beta-exp_neg-exp_pos-lossave_Fix,0.8888888888888888,1706597,200199,0.0694407082120923,0.35142776582199164,0.5068217108836692,0.05,0.05,2.368749811872465,CV_LearningParams_Fit_alpha_neg-alpha_pos-beta-exp_neg-exp_pos-lossave_Fix_
0,0,1,LearningParams_Fit_alpha_neg-alpha_pos-beta-exp_neg-exp_pos-lossave_Fix,0.4444444444444444,390555,200088,0.12224783798403918,0.05,1.7829159148090516,0.5196846879472417,0.6628505267086435,0.19019899210698088,CV_LearningParams_Fit_alpha_neg-alpha_pos-beta-exp_neg-exp_pos-lossave_Fix_
1,0,2,LearningParams_Fit_alpha_neg-alpha_pos-beta-exp_neg-exp_pos-lossave_Fix,0.4222222222222222,390555,200088,0.12238854905406638,1.5571258497023732,0.3445627820327923,0.7019741240296666,0.05,0.8571586687993914,CV_LearningParams_Fit_alpha_neg-alpha_pos-beta-exp_neg-exp_pos-lossave_Fix_
2,0,3,LearningParams_Fit_alpha_neg-alpha_pos-beta-exp_neg-exp_pos-lossave_Fix,0.6666666666666666,390555,200088,0.2074397509320631,1.9287811664014058,0.35751979787091004,0.6487423056357104,0.05,0.2200759604590576,CV_LearningParams_Fit_alpha_neg-alpha_pos-beta-exp_neg-exp_pos-lossave_Fix_
3,0,4,LearningParams_Fit_alpha_neg-alpha_pos-beta-exp_neg-exp_pos-lossave_Fix,0.7333333333333333,390555,200088,0.0655087766287094,1.894168682085604,0.27151691777885417,0.7515310019451841,0.05000000014988445,3.4132908107080664,CV_LearningParams_Fit_alpha_neg-alpha_pos-beta-exp_neg-exp_pos-lossave_Fix_
0,0,1,LearningParams_Fit_alpha_neg-alpha_pos-beta-exp_neg-exp_pos-lossave_Fix,0.5555555555555556,3891080,409850,0.2057563256061234,0.5208320864694873,6.7575690181899235,0.7117238202492919,0.5187965363304992,0.04473777493696523,CV_LearningParams_Fit_alpha_neg-alpha_pos-beta-exp_neg-exp_pos-lossave_Fix_
1,0,2,LearningParams_Fit_alpha_neg-alpha_pos-beta-exp_neg-exp_pos-lossave_Fix,0.4888888888888889,3891080,409850,1.384911103878547,0.05,0.05403079081565863,0.5416244576171131,1.87801193476606,2.3230211647575603,CV_LearningParams_Fit_alpha_neg-alpha_pos-beta-exp_neg-exp_pos-lossave_Fix_
2,0,3,LearningParams_Fit_alpha_neg-alpha_pos-beta-exp_neg-exp_pos-lossave_Fix,0.6,3891080,409850,0.7854121378009279,0.05,1.105933104050994,0.6320123324561965,1.206060226205302,0.08343451931489533,CV_LearningParams_Fit_alpha_neg-alpha_pos-beta-exp_neg-exp_pos-lossave_Fix_
3,0,4,LearningParams_Fit_alpha_neg-alpha_pos-beta-exp_neg-exp_pos-lossave_Fix,0.7777777777777778,3891080,409850,0.051141591241199706,0.08570544005002308,0.8097670181514866,0.6902977821154739,0.894201354977155,1.4782496999468282,CV_LearningParams_Fit_alpha_neg-alpha_pos-beta-exp_neg-exp_pos-lossave_Fix_
0,0,1,LearningParams_Fit_alpha_neg-alpha_pos-beta-exp_neg-exp_pos-lossave_Fix,0.4222222222222222,4726528,100059,0.08614180209637495,0.05,3.519405962079716,0.1674048540631293,0.33166920026619245,0.0,CV_LearningParams_Fit_alpha_neg-alpha_pos-beta-exp_neg-exp_pos-lossave_Fix_
1,0,2,LearningParams_Fit_alpha_neg-alpha_pos-beta-exp_neg-exp_pos-lossave_Fix,0.5333333333333333,4726528,100059,0.3705272657108463,0.6114557776871422,0.601340736650385,0.05,0.05,0.0,CV_LearningParams_Fit_alpha_neg-alpha_pos-beta-exp_neg-exp_pos-lossave_Fix_
2,0,3,LearningParams_Fit_alpha_neg-alpha_pos-beta-exp_neg-exp_pos-lossave_Fix,0.6888888888888889,4726528,100059,0.05,0.166439268798422,1.0836526344562785,0.05,0.05,0.0,CV_LearningParams_Fit_alpha_neg-alpha_pos-beta-exp_neg-exp_pos-lossave_Fix_
3,0,4,LearningParams_Fit_alpha_neg-alpha_pos-beta-exp_neg-exp_pos-lossave_Fix,0.8,4726528,100059,0.14795481697466006,0.28655353351740825,0.5520142375535368,0.05,0.2868654690308718,0.0,CV_LearningParams_Fit_alpha_neg-alpha_pos-beta-exp_neg-exp_pos-lossave_Fix_
0,0,1,LearningParams_Fit_alpha_neg-alpha_pos-beta-exp_neg-exp_pos-lossave_Fix,0.8444444444444444,7902672,200164,1.033927808047288,1.6732856932070337,0.020476841250541868,0.1961870133829828,0.9114529832136457,10.0,CV_LearningParams_Fit_alpha_neg-alpha_pos-beta-exp_neg-exp_pos-lossave_Fix_
1,0,2,LearningParams_Fit_alpha_neg-alpha_pos-beta-exp_neg-exp_pos-lossave_Fix,0.3555555555555556,7902672,200164,0.06961782546338416,0.0920320187386059,4.451745622613823,0.43493556473582135,0.21176951306984412,0.0276643949788898,CV_LearningParams_Fit_alpha_neg-alpha_pos-beta-exp_neg-exp_pos-lossave_Fix_
2,0,3,LearningParams_Fit_alpha_neg-alpha_pos-beta-exp_neg-exp_pos-lossave_Fix,0.3333333333333333,7902672,200164,0.2345798914966671,0.05041216151554213,7.208622574335346,0.05,0.3282976351713034,0.022738910732108264,CV_LearningParams_Fit_alpha_neg-alpha_pos-beta-exp_neg-exp_pos-lossave_Fix_
3,0,4,LearningParams_Fit_alpha_neg-alpha_pos-beta-exp_neg-exp_pos-lossave_Fix,0.1111111111111111,7902672,200164,0.1555327981968214,0.06300493936249042,2.262515247047552,0.05,0.05,0.392550037911817,CV_LearningParams_Fit_alpha_neg-alpha_pos-beta-exp_neg-exp_pos-lossave_Fix_
0,0,1,LearningParams_Fit_alpha_neg-alpha_pos-beta-exp_neg-exp_pos-lossave_Fix,0.4,4704366,200133,0.2332681126635512,0.14669875335280722,0.032997314008459344,0.7578208208892107,1.004488916941447,0.8117832331196776,CV_LearningParams_Fit_alpha_neg-alpha_pos-beta-exp_neg-exp_pos-lossave_Fix_
1,0,2,LearningParams_Fit_alpha_neg-alpha_pos-beta-exp_neg-exp_pos-lossave_Fix,0.7333333333333333,4704366,200133,0.40412807935400297,0.9190919301743908,0.04228185000180675,0.4612595306115994,0.5651053361016471,10.0,CV_LearningParams_Fit_alpha_neg-alpha_pos-beta-exp_neg-exp_pos-lossave_Fix_
2,0,3,LearningParams_Fit_alpha_neg-alpha_pos-beta-exp_neg-exp_pos-lossave_Fix,0.5111111111111111,4704366,200133,1.5769311720015893,0.7556085868280364,0.026309825661609658,0.3811751540805959,0.7725917970851218,3.115064119382504,CV_LearningParams_Fit_alpha_neg-alpha_pos-beta-exp_neg-exp_pos-lossave_Fix_
3,0,4,LearningParams_Fit_alpha_neg-alpha_pos-beta-exp_neg-exp_pos-lossave_Fix,0.5555555555555556,4704366,200133,0.32246014212706764,1.2098988807701994,0.017606286351531,0.6122288118965711,0.7087676869714489,8.960907327111624,CV_LearningParams_Fit_alpha_neg-alpha_pos-beta-exp_neg-exp_pos-lossave_Fix_
0,0,1,LearningParams_Fit_alpha_neg-alpha_pos-beta-exp_neg-exp_pos-lossave_Fix,0.6888888888888889,8574307,100169,0.12041414379341556,0.4786736160430971,0.2118424495830257,0.05,0.05,6.3953041897912595,CV_LearningParams_Fit_alpha_neg-alpha_pos-beta-exp_neg-exp_pos-lossave_Fix_
1,0,2,LearningParams_Fit_alpha_neg-alpha_pos-beta-exp_neg-exp_pos-lossave_Fix,0.7111111111111111,8574307,100169,0.05,0.2867412310179001,0.2257009794074965,0.05,0.05,0.3123816629980284,CV_LearningParams_Fit_alpha_neg-alpha_pos-beta-exp_neg-exp_pos-lossave_Fix_
2,0,3,LearningParams_Fit_alpha_neg-alpha_pos-beta-exp_neg-exp_pos-lossave_Fix,0.8222222222222222,8574307,100169,0.05,0.32784302462561893,0.29007054574620833,0.05,0.1440666421181384,0.0,CV_LearningParams_Fit_alpha_neg-alpha_pos-beta-exp_neg-exp_pos-lossave_Fix_
3,0,4,LearningParams_Fit_alpha_neg-alpha_pos-beta-exp_neg-exp_pos-lossave_Fix,0.7111111111111111,8574307,100169,0.05,0.34361967722510417,0.3439827476085424,0.05,0.05,4.874468765868715,CV_LearningParams_Fit_alpha_neg-alpha_pos-beta-exp_neg-exp_pos-lossave_Fix_
0,0,1,LearningParams_Fit_alpha_neg-alpha_pos-beta-exp_neg-exp_pos-lossave_Fix,0.3111111111111111,695097,408988,2.0,0.05,0.16823011089488252,0.0627192660392352,0.8919765951521326,10.0,CV_LearningParams_Fit_alpha_neg-alpha_pos-beta-exp_neg-exp_pos-lossave_Fix_
1,0,2,LearningParams_Fit_alpha_neg-alpha_pos-beta-exp_neg-exp_pos-lossave_Fix,0.7111111111111111,695097,408988,0.33886726426909625,0.05,12.668862679349086,0.2739184307050284,0.5844081742855921,0.1458656154063711,CV_LearningParams_Fit_alpha_neg-alpha_pos-beta-exp_neg-exp_pos-lossave_Fix_
2,0,3,LearningParams_Fit_alpha_neg-alpha_pos-beta-exp_neg-exp_pos-lossave_Fix,0.5111111111111111,695097,408988,1.9992332251238116,0.05006698594656616,2.302678865908816e-05,1.99921367721671,0.05030014491970791,4.1168781708599615,CV_LearningParams_Fit_alpha_neg-alpha_pos-beta-exp_neg-exp_pos-lossave_Fix_
3,0,4,LearningParams_Fit_alpha_neg-alpha_pos-beta-exp_neg-exp_pos-lossave_Fix,0.7333333333333333,695097,408988,1.9999740145807363,0.053739051047478496,3.137298052477725,0.08189339956209259,0.8779819328329797,0.18006186698928728,CV_LearningParams_Fit_alpha_neg-alpha_pos-beta-exp_neg-exp_pos-lossave_Fix_
0,0,1,LearningParams_Fit_alpha_neg-alpha_pos-beta-exp_neg-exp_pos-lossave_Fix,0.3555555555555556,1132621,411256,0.05,0.05,0.5042458032056908,1.0592670810774,0.9924467794112252,0.1465915497761118,CV_LearningParams_Fit_alpha_neg-alpha_pos-beta-exp_neg-exp_pos-lossave_Fix_
1,0,2,LearningParams_Fit_alpha_neg-alpha_pos-beta-exp_neg-exp_pos-lossave_Fix,0.3111111111111111,1132621,411256,0.05,0.05,0.07194590656404895,1.1146898778989471,1.4135256631886808,5.186383642094965,CV_LearningParams_Fit_alpha_neg-alpha_pos-beta-exp_neg-exp_pos-lossave_Fix_
2,0,3,LearningParams_Fit_alpha_neg-alpha_pos-beta-exp_neg-exp_pos-lossave_Fix,0.8222222222222222,1132621,411256,0.9027761559923224,0.12680665768284188,2.1349724359055093,0.7231114096438221,1.0598836793374116,0.024147518795586232,CV_LearningParams_Fit_alpha_neg-alpha_pos-beta-exp_neg-exp_pos-lossave_Fix_
3,0,4,LearningParams_Fit_alpha_neg-alpha_pos-beta-exp_neg-exp_pos-lossave_Fix,0.7111111111111111,1132621,411256,0.9506599158828312,0.05,15.0,0.3490553140211895,1.0103707945762643,0.024269989022045076,CV_LearningParams_Fit_alpha_neg-alpha_pos-beta-exp_neg-exp_pos-lossave_Fix_
0,0,1,LearningParams_Fit_alpha_neg-alpha_pos-beta-exp_neg-exp_pos-lossave_Fix,0.4,4658726,100063,1.1337288880541878,0.2068193321904048,0.10576810811175964,0.05,0.648105257673989,4.564958486475799,CV_LearningParams_Fit_alpha_neg-alpha_pos-beta-exp_neg-exp_pos-lossave_Fix_
1,0,2,LearningParams_Fit_alpha_neg-alpha_pos-beta-exp_neg-exp_pos-lossave_Fix,0.5333333333333333,4658726,100063,0.21914811750395924,0.05,0.3952623587764366,0.8323139074381392,0.9914327486907969,0.08694424957987325,CV_LearningParams_Fit_alpha_neg-alpha_pos-beta-exp_neg-exp_pos-lossave_Fix_
2,0,3,LearningParams_Fit_alpha_neg-alpha_pos-beta-exp_neg-exp_pos-lossave_Fix,0.5777777777777777,4658726,100063,1.9974072680116108,0.05163909664562973,7.482398605378682,1.9974072680116108,0.05154656498726525,1.557977771578722e-07,CV_LearningParams_Fit_alpha_neg-alpha_pos-beta-exp_neg-exp_pos-lossave_Fix_
3,0,4,LearningParams_Fit_alpha_neg-alpha_pos-beta-exp_neg-exp_pos-lossave_Fix,0.6888888888888889,4658726,100063,1.0734105412075896,1.9608877282724293,0.06237772899500842,0.05,0.30597913878441363,10.0,CV_LearningParams_Fit_alpha_neg-alpha_pos-beta-exp_neg-exp_pos-lossave_Fix_
0,0,1,LearningParams_Fit_alpha_neg-alpha_pos-beta-exp_neg-exp_pos-lossave_Fix,0.6,9575070,200168,0.24445540514737404,0.16514467322411785,0.555810457067146,0.08073763878344847,0.19420103946331926,2.949089112385196,CV_LearningParams_Fit_alpha_neg-alpha_pos-beta-exp_neg-exp_pos-lossave_Fix_
1,0,2,LearningParams_Fit_alpha_neg-alpha_pos-beta-exp_neg-exp_pos-lossave_Fix,0.6,9575070,200168,0.09710943156512772,0.1818612919399029,0.6357704940352112,0.05,0.08255805478309619,10.0,CV_LearningParams_Fit_alpha_neg-alpha_pos-beta-exp_neg-exp_pos-lossave_Fix_
2,0,3,LearningParams_Fit_alpha_neg-alpha_pos-beta-exp_neg-exp_pos-lossave_Fix,0.4888888888888889,9575070,200168,0.2054579862040148,0.2054713783991043,4.28493021943812,0.23430533020248184,0.05,0.06609512812302637,CV_LearningParams_Fit_alpha_neg-alpha_pos-beta-exp_neg-exp_pos-lossave_Fix_
3,0,4,LearningParams_Fit_alpha_neg-alpha_pos-beta-exp_neg-exp_pos-lossave_Fix,0.2222222222222222,9575070,200168,0.06497638726740955,0.11317549498643233,1.189493190335266,0.24221323992517174,0.05,4.601845328821387,CV_LearningParams_Fit_alpha_neg-alpha_pos-beta-exp_neg-exp_pos-lossave_Fix_
0,0,1,LearningParams_Fit_alpha_neg-alpha_pos-beta-exp_neg-exp_pos-lossave_Fix,0.4222222222222222,9432029,100247,1.95771851705264,0.05,0.04867929346211367,0.08680307165101485,1.055247574658769,10.0,CV_LearningParams_Fit_alpha_neg-alpha_pos-beta-exp_neg-exp_pos-lossave_Fix_
1,0,2,LearningParams_Fit_alpha_neg-alpha_pos-beta-exp_neg-exp_pos-lossave_Fix,0.8666666666666667,9432029,100247,0.050082635879032465,1.6662506717245114,0.22910169010042206,0.8948205709822883,0.05,0.902844521982486,CV_LearningParams_Fit_alpha_neg-alpha_pos-beta-exp_neg-exp_pos-lossave_Fix_
2,0,3,LearningParams_Fit_alpha_neg-alpha_pos-beta-exp_neg-exp_pos-lossave_Fix,0.5111111111111111,9432029,100247,0.05,0.05089867995905588,0.12597179530820754,0.7244266506654702,0.7761536407887507,3.0650958807794964,CV_LearningParams_Fit_alpha_neg-alpha_pos-beta-exp_neg-exp_pos-lossave_Fix_
3,0,4,LearningParams_Fit_alpha_neg-alpha_pos-beta-exp_neg-exp_pos-lossave_Fix,0.3333333333333333,9432029,100247,1.3242654996644905,0.07543528237005821,0.14877799318829238,0.2410081108607951,0.8512088018759653,1.20022576146552,CV_LearningParams_Fit_alpha_neg-alpha_pos-beta-exp_neg-exp_pos-lossave_Fix_
0,0,1,LearningParams_Fit_alpha_neg-alpha_pos-beta-exp_neg-exp_pos-lossave_Fix,0.3555555555555556,3138616,200166,0.05,2.0,0.4529226469900836,0.8868073092402482,0.08159259022558008,0.41250873874066935,CV_LearningParams_Fit_alpha_neg-alpha_pos-beta-exp_neg-exp_pos-lossave_Fix_
1,0,2,LearningParams_Fit_alpha_neg-alpha_pos-beta-exp_neg-exp_pos-lossave_Fix,0.4888888888888889,3138616,200166,0.0500614970584449,1.7421671807689516,0.5139939673988104,0.8452807052658736,0.13760948567100975,0.6604607981428259,CV_LearningParams_Fit_alpha_neg-alpha_pos-beta-exp_neg-exp_pos-lossave_Fix_
2,0,3,LearningParams_Fit_alpha_neg-alpha_pos-beta-exp_neg-exp_pos-lossave_Fix,0.6,3138616,200166,0.05,0.5767128206950557,0.29317567625460283,0.8707552744568008,0.4695339833742688,0.31669342080546464,CV_LearningParams_Fit_alpha_neg-alpha_pos-beta-exp_neg-exp_pos-lossave_Fix_
3,0,4,LearningParams_Fit_alpha_neg-alpha_pos-beta-exp_neg-exp_pos-lossave_Fix,0.4222222222222222,3138616,200166,0.05,0.13197395259368686,0.5825942626154875,0.6567735295208849,0.6109260293155189,0.6447106864252901,CV_LearningParams_Fit_alpha_neg-alpha_pos-beta-exp_neg-exp_pos-lossave_Fix_
0,0,1,LearningParams_Fit_alpha_neg-alpha_pos-beta-exp_neg-exp_pos-lossave_Fix,0.8666666666666667,4056257,200148,0.05006110072656363,0.2064565337725945,0.003025332397900977,0.1783935150301736,2.0,-5.551115123125783e-17,CV_LearningParams_Fit_alpha_neg-alpha_pos-beta-exp_neg-exp_pos-lossave_Fix_
1,0,2,LearningParams_Fit_alpha_neg-alpha_pos-beta-exp_neg-exp_pos-lossave_Fix,0.4444444444444444,4056257,200148,0.32526879558263705,1.315751096542514,0.017752609777370126,0.7208430573454699,1.2949835740266948,0.6941430616104294,CV_LearningParams_Fit_alpha_neg-alpha_pos-beta-exp_neg-exp_pos-lossave_Fix_
2,0,3,LearningParams_Fit_alpha_neg-alpha_pos-beta-exp_neg-exp_pos-lossave_Fix,0.2222222222222222,4056257,200148,0.05,1.3837239642480594,0.4098877924889493,1.477729431322071,0.46477248460178,0.008668376136921964,CV_LearningParams_Fit_alpha_neg-alpha_pos-beta-exp_neg-exp_pos-lossave_Fix_
3,0,4,LearningParams_Fit_alpha_neg-alpha_pos-beta-exp_neg-exp_pos-lossave_Fix,0.7555555555555555,4056257,200148,0.20029054024929852,0.05,0.11636131043268992,0.602514912412786,1.0404324402397145,0.4421327363907744,CV_LearningParams_Fit_alpha_neg-alpha_pos-beta-exp_neg-exp_pos-lossave_Fix_
0,0,1,LearningParams_Fit_alpha_neg-alpha_pos-beta-exp_neg-exp_pos-lossave_Fix,0.3555555555555556,6762027,100009,0.3374344398597787,0.05151043579130659,2.7345653711580917,0.05,0.3259545342266893,0.09233060489521903,CV_LearningParams_Fit_alpha_neg-alpha_pos-beta-exp_neg-exp_pos-lossave_Fix_
1,0,2,LearningParams_Fit_alpha_neg-alpha_pos-beta-exp_neg-exp_pos-lossave_Fix,0.4888888888888889,6762027,100009,0.4512927626294144,0.24298789703366105,0.4068145826371431,0.05,0.15889449967592684,0.327924821479414,CV_LearningParams_Fit_alpha_neg-alpha_pos-beta-exp_neg-exp_pos-lossave_Fix_
2,0,3,LearningParams_Fit_alpha_neg-alpha_pos-beta-exp_neg-exp_pos-lossave_Fix,0.5111111111111111,6762027,100009,2.0,1.987145311678788,0.20169213027405591,0.1724572932282132,0.2748905247518534,0.22261622844977327,CV_LearningParams_Fit_alpha_neg-alpha_pos-beta-exp_neg-exp_pos-lossave_Fix_
3,0,4,LearningParams_Fit_alpha_neg-alpha_pos-beta-exp_neg-exp_pos-lossave_Fix,0.5333333333333333,6762027,100009,0.5843060871849252,0.11227523064485864,1.7679021747117443,0.5970316129999622,0.5418507917165737,0.0,CV_LearningParams_Fit_alpha_neg-alpha_pos-beta-exp_neg-exp_pos-lossave_Fix_
0,0,1,LearningParams_Fit_alpha_neg-alpha_pos-beta-exp_neg-exp_pos-lossave_Fix,0.4222222222222222,8774501,408394,1.870012051322512,0.05,0.1011026546089434,0.2875993420393498,1.4264427777519202,1.8655890404476247,CV_LearningParams_Fit_alpha_neg-alpha_pos-beta-exp_neg-exp_pos-lossave_Fix_
1,0,2,LearningParams_Fit_alpha_neg-alpha_pos-beta-exp_neg-exp_pos-lossave_Fix,0.6,8774501,408394,0.94952347953562,0.05,0.1825977201210076,0.5944810061214106,1.331553767127424,0.1561954857460809,CV_LearningParams_Fit_alpha_neg-alpha_pos-beta-exp_neg-exp_pos-lossave_Fix_
2,0,3,LearningParams_Fit_alpha_neg-alpha_pos-beta-exp_neg-exp_pos-lossave_Fix,0.7111111111111111,8774501,408394,0.8377121841516769,0.23404863670815665,1.853473570479768,0.4102705654780179,0.7865457143709697,0.09050585656175593,CV_LearningParams_Fit_alpha_neg-alpha_pos-beta-exp_neg-exp_pos-lossave_Fix_
3,0,4,LearningParams_Fit_alpha_neg-alpha_pos-beta-exp_neg-exp_pos-lossave_Fix,0.4888888888888889,8774501,408394,2.0,0.1880180047221292,4.815621431142341,0.236696637037182,0.8511201388606635,0.03987474284691201,CV_LearningParams_Fit_alpha_neg-alpha_pos-beta-exp_neg-exp_pos-lossave_Fix_
0,0,1,LearningParams_Fit_alpha_neg-alpha_pos-beta-exp_neg-exp_pos-lossave_Fix,0.5555555555555556,1602628,100207,0.05,0.6355090541256758,0.4114160657042506,0.6021687904060533,0.05524012715877343,2.1971468960737144,CV_LearningParams_Fit_alpha_neg-alpha_pos-beta-exp_neg-exp_pos-lossave_Fix_
1,0,2,LearningParams_Fit_alpha_neg-alpha_pos-beta-exp_neg-exp_pos-lossave_Fix,0.24444444444444444,1602628,100207,0.0646062642316079,0.10518943307788213,1.017440735635094,0.6544736921627339,0.40953737141135743,0.334016669715467,CV_LearningParams_Fit_alpha_neg-alpha_pos-beta-exp_neg-exp_pos-lossave_Fix_
2,0,3,LearningParams_Fit_alpha_neg-alpha_pos-beta-exp_neg-exp_pos-lossave_Fix,0.26666666666666666,1602628,100207,0.7802771358927286,1.2036197796558976,1.133087763216181,0.30354445042993017,0.05433643549861901,0.07987705935374427,CV_LearningParams_Fit_alpha_neg-alpha_pos-beta-exp_neg-exp_pos-lossave_Fix_
3,0,4,LearningParams_Fit_alpha_neg-alpha_pos-beta-exp_neg-exp_pos-lossave_Fix,0.3111111111111111,1602628,100207,0.29105925840111563,0.5310959388119182,1.350018398164316,0.260278776923452,0.05,0.03299896667526925,CV_LearningParams_Fit_alpha_neg-alpha_pos-beta-exp_neg-exp_pos-lossave_Fix_
0,0,1,LearningParams_Fit_alpha_neg-alpha_pos-beta-exp_neg-exp_pos-lossave_Fix,0.6222222222222222,8572716,100129,0.05,0.15251603029023292,0.3263338949486717,0.4605873914834282,0.6112281050337325,7.046409643193037,CV_LearningParams_Fit_alpha_neg-alpha_pos-beta-exp_neg-exp_pos-lossave_Fix_
1,0,2,LearningParams_Fit_alpha_neg-alpha_pos-beta-exp_neg-exp_pos-lossave_Fix,0.5555555555555556,8572716,100129,0.05,0.22866179918437626,0.3239994666412192,0.5908134099465548,0.4373196218266325,1.0430910714548989,CV_LearningParams_Fit_alpha_neg-alpha_pos-beta-exp_neg-exp_pos-lossave_Fix_
2,0,3,LearningParams_Fit_alpha_neg-alpha_pos-beta-exp_neg-exp_pos-lossave_Fix,0.8,8572716,100129,0.050108503860385636,2.0,0.03771845376730309,0.8425086874474809,0.5938776510045084,0.012970679327173254,CV_LearningParams_Fit_alpha_neg-alpha_pos-beta-exp_neg-exp_pos-lossave_Fix_
3,0,4,LearningParams_Fit_alpha_neg-alpha_pos-beta-exp_neg-exp_pos-lossave_Fix,0.7111111111111111,8572716,100129,0.3076342590988975,2.0,0.037349951568104264,0.2779891696749426,0.5555860264946313,5.931111535881509,CV_LearningParams_Fit_alpha_neg-alpha_pos-beta-exp_neg-exp_pos-lossave_Fix_
0,0,1,LearningParams_Fit_alpha_neg-alpha_pos-beta-exp_neg-exp_pos-lossave_Fix,0.4222222222222222,7931226,408662,0.5473506794596456,0.05,0.14084481281475567,0.5995560358810875,1.1616823906513596,0.5539599321115204,CV_LearningParams_Fit_alpha_neg-alpha_pos-beta-exp_neg-exp_pos-lossave_Fix_
1,0,2,LearningParams_Fit_alpha_neg-alpha_pos-beta-exp_neg-exp_pos-lossave_Fix,0.4444444444444444,7931226,408662,0.05,0.05,1.4575880264726584,1.2483844282147274,0.8970902108320884,0.04178446515090199,CV_LearningParams_Fit_alpha_neg-alpha_pos-beta-exp_neg-exp_pos-lossave_Fix_
2,0,3,LearningParams_Fit_alpha_neg-alpha_pos-beta-exp_neg-exp_pos-lossave_Fix,0.7555555555555555,7931226,408662,2.0,0.4573337008939013,0.5094635454529295,0.6689532954139629,1.0724843499544137,0.04589504266512202,CV_LearningParams_Fit_alpha_neg-alpha_pos-beta-exp_neg-exp_pos-lossave_Fix_
3,0,4,LearningParams_Fit_alpha_neg-alpha_pos-beta-exp_neg-exp_pos-lossave_Fix,0.5333333333333333,7931226,408662,2.0,0.20583373363066326,0.18265495309463445,0.5549915166357084,1.2362613167049452,0.2653317645454813,CV_LearningParams_Fit_alpha_neg-alpha_pos-beta-exp_neg-exp_pos-lossave_Fix_
0,0,1,LearningParams_Fit_alpha_neg-alpha_pos-beta-exp_neg-exp_pos-lossave_Fix,0.7555555555555555,2003543,407672,0.05,0.05,15.0,1.2102386909642542,0.9411527640698198,0.015321589537641253,CV_LearningParams_Fit_alpha_neg-alpha_pos-beta-exp_neg-exp_pos-lossave_Fix_
1,0,2,LearningParams_Fit_alpha_neg-alpha_pos-beta-exp_neg-exp_pos-lossave_Fix,0.6666666666666666,2003543,407672,0.05,0.07605090436874651,1.5593853871666077,1.3189484958116922,0.8123102420405296,0.08068315262010928,CV_LearningParams_Fit_alpha_neg-alpha_pos-beta-exp_neg-exp_pos-lossave_Fix_
2,0,3,LearningParams_Fit_alpha_neg-alpha_pos-beta-exp_neg-exp_pos-lossave_Fix,0.8666666666666667,2003543,407672,0.05,0.05,0.05302748907677855,0.05068570564218728,1.3798362768789176,0.6078966680667476,CV_LearningParams_Fit_alpha_neg-alpha_pos-beta-exp_neg-exp_pos-lossave_Fix_
3,0,4,LearningParams_Fit_alpha_neg-alpha_pos-beta-exp_neg-exp_pos-lossave_Fix,0.2888888888888889,2003543,407672,1.9999989723092624,0.05,2.596099869807868e-06,1.99999902572252,0.05,6.493149275679814,CV_LearningParams_Fit_alpha_neg-alpha_pos-beta-exp_neg-exp_pos-lossave_Fix_
0,0,1,LearningParams_Fit_alpha_neg-alpha_pos-beta-exp_neg-exp_pos-lossave_Fix,0.0,2399990,100180,inf,inf,inf,inf,inf,inf,CV_LearningParams_Fit_alpha_neg-alpha_pos-beta-exp_neg-exp_pos-lossave_Fix_
1,0,2,LearningParams_Fit_alpha_neg-alpha_pos-beta-exp_neg-exp_pos-lossave_Fix,0.0,2399990,100180,inf,inf,inf,inf,inf,inf,CV_LearningParams_Fit_alpha_neg-alpha_pos-beta-exp_neg-exp_pos-lossave_Fix_
2,0,3,LearningParams_Fit_alpha_neg-alpha_pos-beta-exp_neg-exp_pos-lossave_Fix,0.7555555555555555,2399990,100180,0.05,2.0,3.061525444391292,0.08317568414035488,0.2511905575512029,0.0,CV_LearningParams_Fit_alpha_neg-alpha_pos-beta-exp_neg-exp_pos-lossave_Fix_
3,0,4,LearningParams_Fit_alpha_neg-alpha_pos-beta-exp_neg-exp_pos-lossave_Fix,0.0,2399990,100180,inf,inf,inf,inf,inf,inf,CV_LearningParams_Fit_alpha_neg-alpha_pos-beta-exp_neg-exp_pos-lossave_Fix_
0,0,1,LearningParams_Fit_alpha_neg-alpha_pos-beta-exp_neg-exp_pos-lossave_Fix,0.3111111111111111,2465002,306065,2.0,1.085382877700482,0.1395504396064897,0.2422909965654806,0.4251127384224011,2.1289621567916046,CV_LearningParams_Fit_alpha_neg-alpha_pos-beta-exp_neg-exp_pos-lossave_Fix_
1,0,2,LearningParams_Fit_alpha_neg-alpha_pos-beta-exp_neg-exp_pos-lossave_Fix,0.5777777777777777,2465002,306065,0.3441659955362795,0.05,0.2315974675898897,0.4159561269902051,0.9210843315209626,1.3786350208643785,CV_LearningParams_Fit_alpha_neg-alpha_pos-beta-exp_neg-exp_pos-lossave_Fix_
2,0,3,LearningParams_Fit_alpha_neg-alpha_pos-beta-exp_neg-exp_pos-lossave_Fix,0.37777777777777777,2465002,306065,1.9648817430392318,0.3826682629614013,15.0,0.5159203173370854,0.13930952889124695,0.0011067406085235939,CV_LearningParams_Fit_alpha_neg-alpha_pos-beta-exp_neg-exp_pos-lossave_Fix_
3,0,4,LearningParams_Fit_alpha_neg-alpha_pos-beta-exp_neg-exp_pos-lossave_Fix,0.2888888888888889,2465002,306065,0.05154352145943357,0.05,2.8925080154668064,0.4285353001775336,0.3584780764808036,1.2001913912185949,CV_LearningParams_Fit_alpha_neg-alpha_pos-beta-exp_neg-exp_pos-lossave_Fix_
0,0,1,LearningParams_Fit_alpha_neg-alpha_pos-beta-exp_neg-exp_pos-lossave_Fix,0.5333333333333333,4224256,100057,1.5839791213626695,0.14495000700342273,0.5291720035895658,0.05,0.6729638051738199,0.11545712209791185,CV_LearningParams_Fit_alpha_neg-alpha_pos-beta-exp_neg-exp_pos-lossave_Fix_
1,0,2,LearningParams_Fit_alpha_neg-alpha_pos-beta-exp_neg-exp_pos-lossave_Fix,0.2,4224256,100057,0.4204577911217058,0.9030293990920836,0.5651935357988666,0.465654432172568,0.10675228466466297,0.08938598218419153,CV_LearningParams_Fit_alpha_neg-alpha_pos-beta-exp_neg-exp_pos-lossave_Fix_
2,0,3,LearningParams_Fit_alpha_neg-alpha_pos-beta-exp_neg-exp_pos-lossave_Fix,0.5777777777777777,4224256,100057,0.05,0.773036562193487,0.2976514022683522,0.6839638651346099,0.09658471970301526,1.3276713436629473,CV_LearningParams_Fit_alpha_neg-alpha_pos-beta-exp_neg-exp_pos-lossave_Fix_
3,0,4,LearningParams_Fit_alpha_neg-alpha_pos-beta-exp_neg-exp_pos-lossave_Fix,0.4,4224256,100057,0.9251061611639956,0.060912477532715774,0.1090569941716786,0.2983101186991209,0.9221713460229974,0.2459274244830533,CV_LearningParams_Fit_alpha_neg-alpha_pos-beta-exp_neg-exp_pos-lossave_Fix_
0,0,1,LearningParams_Fit_alpha_neg-alpha_pos-beta-exp_neg-exp_pos-lossave_Fix,0.4222222222222222,3661506,100042,1.3302243430410159,0.8988016408778482,0.28823066118012153,0.13574492625472165,0.1855291824959054,0.923280183929493,CV_LearningParams_Fit_alpha_neg-alpha_pos-beta-exp_neg-exp_pos-lossave_Fix_
1,0,2,LearningParams_Fit_alpha_neg-alpha_pos-beta-exp_neg-exp_pos-lossave_Fix,0.5777777777777777,3661506,100042,0.3008961168417174,0.3601410032790953,0.3889941834770209,0.257638474832714,0.05,0.5441375660728457,CV_LearningParams_Fit_alpha_neg-alpha_pos-beta-exp_neg-exp_pos-lossave_Fix_
2,0,3,LearningParams_Fit_alpha_neg-alpha_pos-beta-exp_neg-exp_pos-lossave_Fix,0.3111111111111111,3661506,100042,1.5635008525241558,0.9515740794323291,0.2809370619512951,0.0735419644684239,0.057676501936496274,0.30970643464627484,CV_LearningParams_Fit_alpha_neg-alpha_pos-beta-exp_neg-exp_pos-lossave_Fix_
3,0,4,LearningParams_Fit_alpha_neg-alpha_pos-beta-exp_neg-exp_pos-lossave_Fix,0.6,3661506,100042,0.8774026631782049,1.3877366902015795,0.5439480231411913,0.25114162482819524,0.05,0.3436224025470729,CV_LearningParams_Fit_alpha_neg-alpha_pos-beta-exp_neg-exp_pos-lossave_Fix_
0,0,1,LearningParams_Fit_alpha_neg-alpha_pos-beta-exp_neg-exp_pos-lossave_Fix,0.5777777777777777,5810188,100191,0.09641115376967473,0.05,0.06559371792886097,0.6693657732271692,1.135838170537603,1.8123530591466124,CV_LearningParams_Fit_alpha_neg-alpha_pos-beta-exp_neg-exp_pos-lossave_Fix_
1,0,2,LearningParams_Fit_alpha_neg-alpha_pos-beta-exp_neg-exp_pos-lossave_Fix,0.6444444444444445,5810188,100191,0.0827333182857489,0.052729222661136235,0.12887315648071215,0.4678825866296309,0.9666158549822688,10.0,CV_LearningParams_Fit_alpha_neg-alpha_pos-beta-exp_neg-exp_pos-lossave_Fix_
2,0,3,LearningParams_Fit_alpha_neg-alpha_pos-beta-exp_neg-exp_pos-lossave_Fix,0.4222222222222222,5810188,100191,0.05,0.9817764550991211,0.0723244897374911,0.9649548926461348,0.6506411966517672,10.0,CV_LearningParams_Fit_alpha_neg-alpha_pos-beta-exp_neg-exp_pos-lossave_Fix_
3,0,4,LearningParams_Fit_alpha_neg-alpha_pos-beta-exp_neg-exp_pos-lossave_Fix,0.5555555555555556,5810188,100191,1.5442613900851854,0.05,0.05583007115531136,0.08647325738810048,1.165033171697092,2.7336966510176866,CV_LearningParams_Fit_alpha_neg-alpha_pos-beta-exp_neg-exp_pos-lossave_Fix_
0,0,1,LearningParams_Fit_alpha_neg-alpha_pos-beta-exp_neg-exp_pos-lossave_Fix,0.6666666666666666,3342002,100188,0.05,0.2235096200054603,0.8476786876218421,0.05,0.05,0.0,CV_LearningParams_Fit_alpha_neg-alpha_pos-beta-exp_neg-exp_pos-lossave_Fix_
1,0,2,LearningParams_Fit_alpha_neg-alpha_pos-beta-exp_neg-exp_pos-lossave_Fix,0.5555555555555556,3342002,100188,0.05,0.4073001651558602,0.5692081532810522,0.05,0.05,0.14173030205301784,CV_LearningParams_Fit_alpha_neg-alpha_pos-beta-exp_neg-exp_pos-lossave_Fix_
2,0,3,LearningParams_Fit_alpha_neg-alpha_pos-beta-exp_neg-exp_pos-lossave_Fix,0.7333333333333333,3342002,100188,0.05,0.5318927239960034,0.44886630575094383,0.05,0.10126115869967957,2.0463950816835825,CV_LearningParams_Fit_alpha_neg-alpha_pos-beta-exp_neg-exp_pos-lossave_Fix_
3,0,4,LearningParams_Fit_alpha_neg-alpha_pos-beta-exp_neg-exp_pos-lossave_Fix,0.8,3342002,100188,0.05,0.4596626226031575,0.526831200413219,0.05,0.12249916954642308,0.0,CV_LearningParams_Fit_alpha_neg-alpha_pos-beta-exp_neg-exp_pos-lossave_Fix_
0,0,1,LearningParams_Fit_alpha_neg-alpha_pos-beta-exp_neg-exp_pos-lossave_Fix,0.4222222222222222,409130,100105,0.3073573056127876,0.53858908607604,0.5486633669117942,0.17774712964667852,0.05,0.7468091390897994,CV_LearningParams_Fit_alpha_neg-alpha_pos-beta-exp_neg-exp_pos-lossave_Fix_
1,0,2,LearningParams_Fit_alpha_neg-alpha_pos-beta-exp_neg-exp_pos-lossave_Fix,0.4444444444444444,409130,100105,0.1304925101316354,0.4638286962095881,0.4558835894715218,0.3853790407583048,0.05,3.669333594608125,CV_LearningParams_Fit_alpha_neg-alpha_pos-beta-exp_neg-exp_pos-lossave_Fix_
2,0,3,LearningParams_Fit_alpha_neg-alpha_pos-beta-exp_neg-exp_pos-lossave_Fix,0.5333333333333333,409130,100105,0.3303513367736165,0.4067601070637712,0.6089058687145186,0.05028252707602894,0.05,0.5508801786705755,CV_LearningParams_Fit_alpha_neg-alpha_pos-beta-exp_neg-exp_pos-lossave_Fix_
3,0,4,LearningParams_Fit_alpha_neg-alpha_pos-beta-exp_neg-exp_pos-lossave_Fix,0.6666666666666666,409130,100105,0.08768286128722898,0.22102822332804886,3.80439604504412,0.3846829409629587,0.05,0.1219446793175303,CV_LearningParams_Fit_alpha_neg-alpha_pos-beta-exp_neg-exp_pos-lossave_Fix_
0,0,1,LearningParams_Fit_alpha_neg-alpha_pos-beta-exp_neg-exp_pos-lossave_Fix,0.8888888888888888,4422403,100003,0.05,0.3752616413181106,1.093319075386898,0.37543602888440375,0.14549379849250885,0.0,CV_LearningParams_Fit_alpha_neg-alpha_pos-beta-exp_neg-exp_pos-lossave_Fix_
1,0,2,LearningParams_Fit_alpha_neg-alpha_pos-beta-exp_neg-exp_pos-lossave_Fix,0.3555555555555556,4422403,100003,0.05,0.577679308112568,1.3124437530531556,0.6512468582055146,0.07756109169332473,0.0,CV_LearningParams_Fit_alpha_neg-alpha_pos-beta-exp_neg-exp_pos-lossave_Fix_
2,0,3,LearningParams_Fit_alpha_neg-alpha_pos-beta-exp_neg-exp_pos-lossave_Fix,0.7333333333333333,4422403,100003,0.05,0.05734373517608792,2.043794374395117,0.05,0.3829205611899136,0.0,CV_LearningParams_Fit_alpha_neg-alpha_pos-beta-exp_neg-exp_pos-lossave_Fix_
3,0,4,LearningParams_Fit_alpha_neg-alpha_pos-beta-exp_neg-exp_pos-lossave_Fix,0.5777777777777777,4422403,100003,0.05,0.4223143082988072,0.7114672743282299,0.5612306299359675,0.2318933280926632,0.668006901302317,CV_LearningParams_Fit_alpha_neg-alpha_pos-beta-exp_neg-exp_pos-lossave_Fix_
0,0,1,LearningParams_Fit_alpha_neg-alpha_pos-beta-exp_neg-exp_pos-lossave_Fix,0.6222222222222222,3502077,406980,0.056493925352413876,0.7366246532843519,0.031781315715768206,0.05006420274790401,0.7090680933578256,0.0,CV_LearningParams_Fit_alpha_neg-alpha_pos-beta-exp_neg-exp_pos-lossave_Fix_
1,0,2,LearningParams_Fit_alpha_neg-alpha_pos-beta-exp_neg-exp_pos-lossave_Fix,0.7111111111111111,3502077,406980,0.16943987120387172,0.24958989826339606,0.2701794583703144,0.1879672012064558,0.5003384907778223,0.0,CV_LearningParams_Fit_alpha_neg-alpha_pos-beta-exp_neg-exp_pos-lossave_Fix_
2,0,3,LearningParams_Fit_alpha_neg-alpha_pos-beta-exp_neg-exp_pos-lossave_Fix,0.5777777777777777,3502077,406980,0.05,1.8100139619872,1.1300290468919292,1.6823492202999188,0.5474627587366478,0.0,CV_LearningParams_Fit_alpha_neg-alpha_pos-beta-exp_neg-exp_pos-lossave_Fix_
3,0,4,LearningParams_Fit_alpha_neg-alpha_pos-beta-exp_neg-exp_pos-lossave_Fix,0.6222222222222222,3502077,406980,0.14604094494261916,2.0,0.028192577906651032,0.26332298532860066,0.5927180631474323,0.2066029703796668,CV_LearningParams_Fit_alpha_neg-alpha_pos-beta-exp_neg-exp_pos-lossave_Fix_
0,0,1,LearningParams_Fit_alpha_neg-alpha_pos-beta-exp_neg-exp_pos-lossave_Fix,0.5777777777777777,6516623,100243,0.30173617971125344,0.19517263861884745,0.7607181995602227,0.05,0.4461789033495552,0.21593250672141728,CV_LearningParams_Fit_alpha_neg-alpha_pos-beta-exp_neg-exp_pos-lossave_Fix_
1,0,2,LearningParams_Fit_alpha_neg-alpha_pos-beta-exp_neg-exp_pos-lossave_Fix,0.5555555555555556,6516623,100243,0.20282628178397274,0.2278281269718519,0.8156488371873349,0.05,0.25201739886350805,3.902340550699901,CV_LearningParams_Fit_alpha_neg-alpha_pos-beta-exp_neg-exp_pos-lossave_Fix_
2,0,3,LearningParams_Fit_alpha_neg-alpha_pos-beta-exp_neg-exp_pos-lossave_Fix,0.7111111111111111,6516623,100243,0.30356921063024883,0.8272800621626292,0.4488367012384295,0.12282311510833037,0.2153107480091187,0.0,CV_LearningParams_Fit_alpha_neg-alpha_pos-beta-exp_neg-exp_pos-lossave_Fix_
3,0,4,LearningParams_Fit_alpha_neg-alpha_pos-beta-exp_neg-exp_pos-lossave_Fix,0.7777777777777778,6516623,100243,0.1286058793108489,2.0,0.2862671975473345,0.4292993157340279,0.17434141691542754,1.2726406610097378,CV_LearningParams_Fit_alpha_neg-alpha_pos-beta-exp_neg-exp_pos-lossave_Fix_
0,0,1,LearningParams_Fit_alpha_neg-alpha_pos-beta-exp_neg-exp_pos-lossave_Fix,0.17777777777777778,6689898,407260,1.3547039142042618,0.5094934631918118,0.01344867928881648,0.4246575484614632,0.4882851991981713,10.0,CV_LearningParams_Fit_alpha_neg-alpha_pos-beta-exp_neg-exp_pos-lossave_Fix_
1,0,2,LearningParams_Fit_alpha_neg-alpha_pos-beta-exp_neg-exp_pos-lossave_Fix,0.37777777777777777,6689898,407260,2.0,0.050000007482953635,14.999999999999998,2.0,0.2092238972200628,1.2485206924740045e-07,CV_LearningParams_Fit_alpha_neg-alpha_pos-beta-exp_neg-exp_pos-lossave_Fix_
2,0,3,LearningParams_Fit_alpha_neg-alpha_pos-beta-exp_neg-exp_pos-lossave_Fix,0.6444444444444445,6689898,407260,0.07080058583168894,0.2970226475127094,0.7828959024808938,0.5493976882832009,0.05,1.8845552292550884,CV_LearningParams_Fit_alpha_neg-alpha_pos-beta-exp_neg-exp_pos-lossave_Fix_
3,0,4,LearningParams_Fit_alpha_neg-alpha_pos-beta-exp_neg-exp_pos-lossave_Fix,0.4666666666666667,6689898,407260,2.0,0.05000000553785382,15.0,2.0,0.05000000661789002,1.1611058451687355e-07,CV_LearningParams_Fit_alpha_neg-alpha_pos-beta-exp_neg-exp_pos-lossave_Fix_
0,0,1,LearningParams_Fit_alpha_neg-alpha_pos-beta-exp_neg-exp_pos-lossave_Fix,0.5777777777777777,1196235,405027,2.0,0.05,0.09886804559154101,0.12776877556223834,1.0958817702069423,0.1868599508821902,CV_LearningParams_Fit_alpha_neg-alpha_pos-beta-exp_neg-exp_pos-lossave_Fix_
1,0,2,LearningParams_Fit_alpha_neg-alpha_pos-beta-exp_neg-exp_pos-lossave_Fix,0.4888888888888889,1196235,405027,0.05,0.263084753874834,0.2821983900475614,0.5527367552731808,0.388493112010006,3.1690259001514924,CV_LearningParams_Fit_alpha_neg-alpha_pos-beta-exp_neg-exp_pos-lossave_Fix_
2,0,3,LearningParams_Fit_alpha_neg-alpha_pos-beta-exp_neg-exp_pos-lossave_Fix,0.8666666666666667,1196235,405027,0.05,0.3763325347543452,0.20667606026768567,0.5606607663739186,0.4226913309254021,3.3026441892604117,CV_LearningParams_Fit_alpha_neg-alpha_pos-beta-exp_neg-exp_pos-lossave_Fix_
3,0,4,LearningParams_Fit_alpha_neg-alpha_pos-beta-exp_neg-exp_pos-lossave_Fix,0.4666666666666667,1196235,405027,0.05,0.8179958775672264,0.18715675141944085,0.6716948553583307,0.17328702886019198,3.250522051907588,CV_LearningParams_Fit_alpha_neg-alpha_pos-beta-exp_neg-exp_pos-lossave_Fix_
0,0,1,LearningParams_Fit_alpha_neg-alpha_pos-beta-exp_neg-exp_pos-lossave_Fix,0.5111111111111111,8153968,311047,1.9983590309930208,0.0709265635529692,0.4080197600372161,0.07345098050117549,0.9528956716916372,0.3088334887709364,CV_LearningParams_Fit_alpha_neg-alpha_pos-beta-exp_neg-exp_pos-lossave_Fix_
1,0,2,LearningParams_Fit_alpha_neg-alpha_pos-beta-exp_neg-exp_pos-lossave_Fix,0.5777777777777777,8153968,311047,0.7964554903378256,1.3957759604603377,0.2265100046699413,0.5327694437042002,0.4263520723942949,0.4355065446661459,CV_LearningParams_Fit_alpha_neg-alpha_pos-beta-exp_neg-exp_pos-lossave_Fix_
2,0,3,LearningParams_Fit_alpha_neg-alpha_pos-beta-exp_neg-exp_pos-lossave_Fix,0.4444444444444444,8153968,311047,1.596420112067208,1.99997284230215,0.2763597208573218,0.33909241352143465,0.3005833604711676,0.4274960418974755,CV_LearningParams_Fit_alpha_neg-alpha_pos-beta-exp_neg-exp_pos-lossave_Fix_
3,0,4,LearningParams_Fit_alpha_neg-alpha_pos-beta-exp_neg-exp_pos-lossave_Fix,0.37777777777777777,8153968,311047,2.0,0.3772477972993257,0.39248772162506096,0.1833902805333245,0.6345738579768392,0.3188913524496185,CV_LearningParams_Fit_alpha_neg-alpha_pos-beta-exp_neg-exp_pos-lossave_Fix_
0,0,1,LearningParams_Fit_alpha_neg-alpha_pos-beta-exp_neg-exp_pos-lossave_Fix,0.5111111111111111,1464315,406925,0.05,0.05,0.11486265697755595,1.1965499769241432,1.2192156417025608,2.3961967207139594,CV_LearningParams_Fit_alpha_neg-alpha_pos-beta-exp_neg-exp_pos-lossave_Fix_
1,0,2,LearningParams_Fit_alpha_neg-alpha_pos-beta-exp_neg-exp_pos-lossave_Fix,0.8888888888888888,1464315,406925,1.43273167855205,0.07036567460482519,1.5426021101408305,0.4966372123419409,1.1761699260070628,0.0898222489847613,CV_LearningParams_Fit_alpha_neg-alpha_pos-beta-exp_neg-exp_pos-lossave_Fix_
2,0,3,LearningParams_Fit_alpha_neg-alpha_pos-beta-exp_neg-exp_pos-lossave_Fix,0.5333333333333333,1464315,406925,0.05,0.05,0.07606199819587825,0.9609468538662024,1.2778722346134597,2.5689575009435632,CV_LearningParams_Fit_alpha_neg-alpha_pos-beta-exp_neg-exp_pos-lossave_Fix_
3,0,4,LearningParams_Fit_alpha_neg-alpha_pos-beta-exp_neg-exp_pos-lossave_Fix,0.8222222222222222,1464315,406925,0.2894396943053873,0.05,8.842758005076758,0.620430145804486,1.0213366735646736,0.03366370741934567,CV_LearningParams_Fit_alpha_neg-alpha_pos-beta-exp_neg-exp_pos-lossave_Fix_
0,0,1,LearningParams_Fit_alpha_neg-alpha_pos-beta-exp_neg-exp_pos-lossave_Fix,0.4444444444444444,5881080,100051,0.12226561951342335,0.6874996881839723,15.0,2.0,0.13883357632378676,0.0,CV_LearningParams_Fit_alpha_neg-alpha_pos-beta-exp_neg-exp_pos-lossave_Fix_
1,0,2,LearningParams_Fit_alpha_neg-alpha_pos-beta-exp_neg-exp_pos-lossave_Fix,0.5777777777777777,5881080,100051,0.27376722538145914,2.0,0.0038594981880734525,0.8958381191905455,1.095868458193122,1.0448363709309625,CV_LearningParams_Fit_alpha_neg-alpha_pos-beta-exp_neg-exp_pos-lossave_Fix_
2,0,3,LearningParams_Fit_alpha_neg-alpha_pos-beta-exp_neg-exp_pos-lossave_Fix,0.6666666666666666,5881080,100051,0.05,2.0,0.011418205750238984,1.0518324417972542,0.6612099804037893,2.2968836603927927,CV_LearningParams_Fit_alpha_neg-alpha_pos-beta-exp_neg-exp_pos-lossave_Fix_
3,0,4,LearningParams_Fit_alpha_neg-alpha_pos-beta-exp_neg-exp_pos-lossave_Fix,0.7111111111111111,5881080,100051,0.5358370730580754,1.855380495730848,0.0020856751392324124,0.2562938360665127,0.9063023722418702,0.0,CV_LearningParams_Fit_alpha_neg-alpha_pos-beta-exp_neg-exp_pos-lossave_Fix_
0,0,1,LearningParams_Fit_alpha_neg-alpha_pos-beta-exp_neg-exp_pos-lossave_Fix,0.6666666666666666,2533205,406989,1.675326865630988,2.0,0.02032857913839959,0.4336867046026359,0.5502362163096842,3.3161404672487724,CV_LearningParams_Fit_alpha_neg-alpha_pos-beta-exp_neg-exp_pos-lossave_Fix_
1,0,2,LearningParams_Fit_alpha_neg-alpha_pos-beta-exp_neg-exp_pos-lossave_Fix,0.4222222222222222,2533205,406989,2.0,0.6662896325624259,0.053044171296454966,0.4919629960378865,0.6760575935094276,0.7837959316767283,CV_LearningParams_Fit_alpha_neg-alpha_pos-beta-exp_neg-exp_pos-lossave_Fix_
2,0,3,LearningParams_Fit_alpha_neg-alpha_pos-beta-exp_neg-exp_pos-lossave_Fix,0.4888888888888889,2533205,406989,0.1623903692562819,0.05229110496267345,3.9819720260792164,0.6523210665308898,0.6051958755347465,0.028265288361532567,CV_LearningParams_Fit_alpha_neg-alpha_pos-beta-exp_neg-exp_pos-lossave_Fix_
3,0,4,LearningParams_Fit_alpha_neg-alpha_pos-beta-exp_neg-exp_pos-lossave_Fix,0.5555555555555556,2533205,406989,0.5498310318631181,0.12128347408467502,0.08881816177597282,0.4912260195025526,0.872579909510572,1.301214959956727,CV_LearningParams_Fit_alpha_neg-alpha_pos-beta-exp_neg-exp_pos-lossave_Fix_
0,0,1,LearningParams_Fit_alpha_neg-alpha_pos-beta-exp_neg-exp_pos-lossave_Fix,0.3555555555555556,8042660,100143,0.06285313622015455,0.10583071356470852,0.9837847453783513,0.05,0.05,4.181358737517667,CV_LearningParams_Fit_alpha_neg-alpha_pos-beta-exp_neg-exp_pos-lossave_Fix_
1,0,2,LearningParams_Fit_alpha_neg-alpha_pos-beta-exp_neg-exp_pos-lossave_Fix,0.3555555555555556,8042660,100143,0.14003526353689238,0.09242868909850337,2.3866596806518627,0.05,0.05,0.4239515711721042,CV_LearningParams_Fit_alpha_neg-alpha_pos-beta-exp_neg-exp_pos-lossave_Fix_
2,0,3,LearningParams_Fit_alpha_neg-alpha_pos-beta-exp_neg-exp_pos-lossave_Fix,0.37777777777777777,8042660,100143,0.06752445084283304,0.05183626842714567,4.1456196701658845,0.05,0.05,0.6148750128180012,CV_LearningParams_Fit_alpha_neg-alpha_pos-beta-exp_neg-exp_pos-lossave_Fix_
3,0,4,LearningParams_Fit_alpha_neg-alpha_pos-beta-exp_neg-exp_pos-lossave_Fix,0.6444444444444445,8042660,100143,0.11383277876244738,0.13649862023399434,0.8785136884419817,0.05,0.05,1.3227375547888902,CV_LearningParams_Fit_alpha_neg-alpha_pos-beta-exp_neg-exp_pos-lossave_Fix_
0,0,1,LearningParams_Fit_alpha_neg-alpha_pos-beta-exp_neg-exp_pos-lossave_Fix,0.4,6372896,311760,0.6730260061500877,0.05,0.13823810720247962,0.3101153277007198,1.0066581818372125,5.573735259898587,CV_LearningParams_Fit_alpha_neg-alpha_pos-beta-exp_neg-exp_pos-lossave_Fix_
1,0,2,LearningParams_Fit_alpha_neg-alpha_pos-beta-exp_neg-exp_pos-lossave_Fix,0.7111111111111111,6372896,311760,2.0,1.4036663122830335,0.17036170353268887,0.21464566610129288,0.3723343718334034,3.358549761817072,CV_LearningParams_Fit_alpha_neg-alpha_pos-beta-exp_neg-exp_pos-lossave_Fix_
2,0,3,LearningParams_Fit_alpha_neg-alpha_pos-beta-exp_neg-exp_pos-lossave_Fix,0.5555555555555556,6372896,311760,0.9235505596343758,0.05,1.1166170480461022,0.05,0.7352387092245546,1.3623030498560968,CV_LearningParams_Fit_alpha_neg-alpha_pos-beta-exp_neg-exp_pos-lossave_Fix_
3,0,4,LearningParams_Fit_alpha_neg-alpha_pos-beta-exp_neg-exp_pos-lossave_Fix,0.7777777777777778,6372896,311760,0.8540180995456728,0.05,0.07777576382777265,0.1728821759921155,1.20061647192901,10.0,CV_LearningParams_Fit_alpha_neg-alpha_pos-beta-exp_neg-exp_pos-lossave_Fix_
0,0,1,LearningParams_Fit_alpha_neg-alpha_pos-beta-exp_neg-exp_pos-lossave_Fix,0.4888888888888889,6323839,200211,0.1847435546861728,0.054942739720490484,2.802325719766364,0.05,0.28872027238748443,0.17824162365760798,CV_LearningParams_Fit_alpha_neg-alpha_pos-beta-exp_neg-exp_pos-lossave_Fix_
1,0,2,LearningParams_Fit_alpha_neg-alpha_pos-beta-exp_neg-exp_pos-lossave_Fix,0.4444444444444444,6323839,200211,0.30868454839346315,0.11748739819747578,1.1908589834794543,0.1526506431541417,0.33286680591830314,0.0719292843819513,CV_LearningParams_Fit_alpha_neg-alpha_pos-beta-exp_neg-exp_pos-lossave_Fix_
2,0,3,LearningParams_Fit_alpha_neg-alpha_pos-beta-exp_neg-exp_pos-lossave_Fix,0.1111111111111111,6323839,200211,0.2403922579565069,0.09348478717249592,4.05595718384228,0.2741249377566945,0.2934804201274357,0.05106820366594898,CV_LearningParams_Fit_alpha_neg-alpha_pos-beta-exp_neg-exp_pos-lossave_Fix_
3,0,4,LearningParams_Fit_alpha_neg-alpha_pos-beta-exp_neg-exp_pos-lossave_Fix,0.6666666666666666,6323839,200211,0.43116575288874137,0.4604559488147924,0.3865783742258525,0.05,0.2062117289626991,1.850189639928776,CV_LearningParams_Fit_alpha_neg-alpha_pos-beta-exp_neg-exp_pos-lossave_Fix_
0,0,1,LearningParams_Fit_alpha_neg-alpha_pos-beta-exp_neg-exp_pos-lossave_Fix,0.6222222222222222,7918626,406620,0.05,0.05106557845025877,11.234517028555882,0.9531775228030532,0.7590670691259241,0.013676315534036277,CV_LearningParams_Fit_alpha_neg-alpha_pos-beta-exp_neg-exp_pos-lossave_Fix_
1,0,2,LearningParams_Fit_alpha_neg-alpha_pos-beta-exp_neg-exp_pos-lossave_Fix,0.5777777777777777,7918626,406620,0.2380989174811552,0.7306896029390656,2.02668696650977,0.7762855426417995,0.5406052482152961,0.06250704868679569,CV_LearningParams_Fit_alpha_neg-alpha_pos-beta-exp_neg-exp_pos-lossave_Fix_
2,0,3,LearningParams_Fit_alpha_neg-alpha_pos-beta-exp_neg-exp_pos-lossave_Fix,0.37777777777777777,7918626,406620,1.0483114447331954,0.05,0.060755049671503726,0.26978751463685313,1.5238940763997153,5.8268253343523515,CV_LearningParams_Fit_alpha_neg-alpha_pos-beta-exp_neg-exp_pos-lossave_Fix_
3,0,4,LearningParams_Fit_alpha_neg-alpha_pos-beta-exp_neg-exp_pos-lossave_Fix,0.4666666666666667,7918626,406620,0.21284663872175516,0.2630719914331701,1.5131458761677643,0.8005433903243725,0.7139728386654862,0.055624149961833104,CV_LearningParams_Fit_alpha_neg-alpha_pos-beta-exp_neg-exp_pos-lossave_Fix_
0,0,1,LearningParams_Fit_alpha_neg-alpha_pos-beta-exp_neg-exp_pos-lossave_Fix,0.7333333333333333,6376536,400742,0.1552679565690875,0.3481074470592651,0.23122073594858825,0.05,0.05,4.684228830092153,CV_LearningParams_Fit_alpha_neg-alpha_pos-beta-exp_neg-exp_pos-lossave_Fix_
1,0,2,LearningParams_Fit_alpha_neg-alpha_pos-beta-exp_neg-exp_pos-lossave_Fix,0.4444444444444444,6376536,400742,0.10659230158847244,0.08718316921314069,1.8416214687559287,0.05,0.06855209889594129,0.14066061648177988,CV_LearningParams_Fit_alpha_neg-alpha_pos-beta-exp_neg-exp_pos-lossave_Fix_
2,0,3,LearningParams_Fit_alpha_neg-alpha_pos-beta-exp_neg-exp_pos-lossave_Fix,0.2,6376536,400742,0.9151344409754172,0.08109254913657556,4.419442681265574,0.05,0.4352698122534162,0.00045072420849788704,CV_LearningParams_Fit_alpha_neg-alpha_pos-beta-exp_neg-exp_pos-lossave_Fix_
3,0,4,LearningParams_Fit_alpha_neg-alpha_pos-beta-exp_neg-exp_pos-lossave_Fix,0.24444444444444444,6376536,400742,0.4818221272028468,0.3579375363845867,11.017429215915437,0.2708209547998303,0.05457497082778585,0.007418564028379053,CV_LearningParams_Fit_alpha_neg-alpha_pos-beta-exp_neg-exp_pos-lossave_Fix_
0,0,1,LearningParams_Fit_alpha_neg-alpha_pos-beta-exp_neg-exp_pos-lossave_Fix,0.6666666666666666,4723296,408511,0.15958662113603533,1.1678090182375904,0.4646621442373998,0.42123036354124455,0.18478764508778106,1.5220310517524709,CV_LearningParams_Fit_alpha_neg-alpha_pos-beta-exp_neg-exp_pos-lossave_Fix_
1,0,2,LearningParams_Fit_alpha_neg-alpha_pos-beta-exp_neg-exp_pos-lossave_Fix,0.2888888888888889,4723296,408511,0.05,0.6878466840759908,0.6529952708468414,0.6932171943760216,0.1980107712129316,1.732443557194807,CV_LearningParams_Fit_alpha_neg-alpha_pos-beta-exp_neg-exp_pos-lossave_Fix_
2,0,3,LearningParams_Fit_alpha_neg-alpha_pos-beta-exp_neg-exp_pos-lossave_Fix,0.8444444444444444,4723296,408511,0.5500560338103138,0.4739748695288506,0.4903609296221494,0.21273329618801912,0.4893653296824427,0.0,CV_LearningParams_Fit_alpha_neg-alpha_pos-beta-exp_neg-exp_pos-lossave_Fix_
3,0,4,LearningParams_Fit_alpha_neg-alpha_pos-beta-exp_neg-exp_pos-lossave_Fix,0.6666666666666666,4723296,408511,0.09297466511902999,0.5787220212522471,0.5168278665849129,0.5448059386604832,0.2886547203902544,0.0,CV_LearningParams_Fit_alpha_neg-alpha_pos-beta-exp_neg-exp_pos-lossave_Fix_
0,0,1,LearningParams_Fit_alpha_neg-alpha_pos-beta-exp_neg-exp_pos-lossave_Fix,0.8,1391558,100214,0.14291988697526842,0.05,0.02591665064063255,0.4158299148999855,1.2734391620594958,0.0,CV_LearningParams_Fit_alpha_neg-alpha_pos-beta-exp_neg-exp_pos-lossave_Fix_
1,0,2,LearningParams_Fit_alpha_neg-alpha_pos-beta-exp_neg-exp_pos-lossave_Fix,0.5111111111111111,1391558,100214,0.05,0.6508256587549047,0.03551153061674582,0.8476153077095656,0.6255463182248611,8.427017380627197,CV_LearningParams_Fit_alpha_neg-alpha_pos-beta-exp_neg-exp_pos-lossave_Fix_
2,0,3,LearningParams_Fit_alpha_neg-alpha_pos-beta-exp_neg-exp_pos-lossave_Fix,0.6888888888888889,1391558,100214,0.5246094930252004,1.2929472566745732,0.011184850572613543,0.5152760376672655,0.7607332905510047,1.387532263149204,CV_LearningParams_Fit_alpha_neg-alpha_pos-beta-exp_neg-exp_pos-lossave_Fix_
3,0,4,LearningParams_Fit_alpha_neg-alpha_pos-beta-exp_neg-exp_pos-lossave_Fix,0.2888888888888889,1391558,100214,0.6694388115259382,0.05,0.041820320922043824,0.26786617571395005,0.9899101007582884,1.1434301721579212,CV_LearningParams_Fit_alpha_neg-alpha_pos-beta-exp_neg-exp_pos-lossave_Fix_
0,0,1,LearningParams_Fit_alpha_neg-alpha_pos-beta-exp_neg-exp_pos-lossave_Fix,0.5777777777777777,2392935,100185,0.20787061279858293,0.6069121034926219,0.7218955173772663,0.4263867514837465,0.05,0.5123249340514219,CV_LearningParams_Fit_alpha_neg-alpha_pos-beta-exp_neg-exp_pos-lossave_Fix_
1,0,2,LearningParams_Fit_alpha_neg-alpha_pos-beta-exp_neg-exp_pos-lossave_Fix,0.4222222222222222,2392935,100185,0.33930093934293243,0.06442849972109208,6.703594113536781,0.05,0.29615466916574384,0.05768496027789099,CV_LearningParams_Fit_alpha_neg-alpha_pos-beta-exp_neg-exp_pos-lossave_Fix_
2,0,3,LearningParams_Fit_alpha_neg-alpha_pos-beta-exp_neg-exp_pos-lossave_Fix,0.37777777777777777,2392935,100185,0.2273814043544753,0.2772087221875981,6.789496152239878,0.3035177173448853,0.05,0.06601920735588737,CV_LearningParams_Fit_alpha_neg-alpha_pos-beta-exp_neg-exp_pos-lossave_Fix_
3,0,4,LearningParams_Fit_alpha_neg-alpha_pos-beta-exp_neg-exp_pos-lossave_Fix,0.6222222222222222,2392935,100185,0.05402746203000559,0.17424777621105947,0.40477728598280177,0.2403659095240812,0.05,7.705151821179726,CV_LearningParams_Fit_alpha_neg-alpha_pos-beta-exp_neg-exp_pos-lossave_Fix_
0,0,1,LearningParams_Fit_alpha_neg-alpha_pos-beta-exp_neg-exp_pos-lossave_Fix,0.7111111111111111,7173897,311444,0.05,1.3754903306559332,0.01133290655565735,0.05,0.862996488961692,0.3176659621765807,CV_LearningParams_Fit_alpha_neg-alpha_pos-beta-exp_neg-exp_pos-lossave_Fix_
1,0,2,LearningParams_Fit_alpha_neg-alpha_pos-beta-exp_neg-exp_pos-lossave_Fix,0.8666666666666667,7173897,311444,0.05,0.05,0.04040852594617015,0.05,1.204232720524249,0.0,CV_LearningParams_Fit_alpha_neg-alpha_pos-beta-exp_neg-exp_pos-lossave_Fix_
2,0,3,LearningParams_Fit_alpha_neg-alpha_pos-beta-exp_neg-exp_pos-lossave_Fix,0.6666666666666666,7173897,311444,0.05,0.08014748094246603,0.07259983125658337,0.05,0.9329502967570712,1.1341777329127758,CV_LearningParams_Fit_alpha_neg-alpha_pos-beta-exp_neg-exp_pos-lossave_Fix_
3,0,4,LearningParams_Fit_alpha_neg-alpha_pos-beta-exp_neg-exp_pos-lossave_Fix,0.5555555555555556,7173897,311444,0.05,0.07750974246207831,1.1705006830352167,0.5530348786343686,0.5312930741435594,0.0,CV_LearningParams_Fit_alpha_neg-alpha_pos-beta-exp_neg-exp_pos-lossave_Fix_
0,0,1,LearningParams_Fit_alpha_neg-alpha_pos-beta-exp_neg-exp_pos-lossave_Fix,0.7555555555555555,3177153,200162,0.05,0.8551700950383886,0.3498493364823684,0.05,0.08678333900110742,0.0,CV_LearningParams_Fit_alpha_neg-alpha_pos-beta-exp_neg-exp_pos-lossave_Fix_
1,0,2,LearningParams_Fit_alpha_neg-alpha_pos-beta-exp_neg-exp_pos-lossave_Fix,0.6444444444444445,3177153,200162,0.05,0.8405621415281163,0.4113699341464517,0.5812512072794874,0.19707223658119505,2.400115735302172,CV_LearningParams_Fit_alpha_neg-alpha_pos-beta-exp_neg-exp_pos-lossave_Fix_
2,0,3,LearningParams_Fit_alpha_neg-alpha_pos-beta-exp_neg-exp_pos-lossave_Fix,0.6,3177153,200162,0.07562936422611646,1.0780650404557597,0.4302020150887379,0.5588206867708319,0.1273490823194408,0.8439791871198927,CV_LearningParams_Fit_alpha_neg-alpha_pos-beta-exp_neg-exp_pos-lossave_Fix_
3,0,4,LearningParams_Fit_alpha_neg-alpha_pos-beta-exp_neg-exp_pos-lossave_Fix,0.6666666666666666,3177153,200162,0.05,0.19688638076026926,0.8352135631845504,0.3434400226839945,0.2829896815893577,0.0,CV_LearningParams_Fit_alpha_neg-alpha_pos-beta-exp_neg-exp_pos-lossave_Fix_
0,0,1,LearningParams_Fit_alpha_neg-alpha_pos-beta-exp_neg-exp_pos-lossave_Fix,0.5333333333333333,477000,100103,0.05,0.34365558463929835,0.06487030018917363,1.0786211754678112,0.6710926820114604,2.5078815488539328,CV_LearningParams_Fit_alpha_neg-alpha_pos-beta-exp_neg-exp_pos-lossave_Fix_
1,0,2,LearningParams_Fit_alpha_neg-alpha_pos-beta-exp_neg-exp_pos-lossave_Fix,0.6,477000,100103,0.060179952433560224,2.0,0.03019802707052242,1.2061881051338603,0.6403352905120268,4.624867253750116,CV_LearningParams_Fit_alpha_neg-alpha_pos-beta-exp_neg-exp_pos-lossave_Fix_
2,0,3,LearningParams_Fit_alpha_neg-alpha_pos-beta-exp_neg-exp_pos-lossave_Fix,0.26666666666666666,477000,100103,0.05,0.055589322090930086,0.2094799886913518,0.8611182102652928,0.7882736444252744,2.4560719974446235,CV_LearningParams_Fit_alpha_neg-alpha_pos-beta-exp_neg-exp_pos-lossave_Fix_
3,0,4,LearningParams_Fit_alpha_neg-alpha_pos-beta-exp_neg-exp_pos-lossave_Fix,0.6444444444444445,477000,100103,0.05,1.6012257502483365,0.0452843925060096,1.4488573383121246,0.4269962565922112,1.499205138615623,CV_LearningParams_Fit_alpha_neg-alpha_pos-beta-exp_neg-exp_pos-lossave_Fix_
0,0,1,LearningParams_Fit_alpha_neg-alpha_pos-beta-exp_neg-exp_pos-lossave_Fix,0.4666666666666667,2033993,100128,0.050162272368255816,0.05,0.02190328980656381,1.0524758613811909,1.323984302292019,3.474223767631329,CV_LearningParams_Fit_alpha_neg-alpha_pos-beta-exp_neg-exp_pos-lossave_Fix_
1,0,2,LearningParams_Fit_alpha_neg-alpha_pos-beta-exp_neg-exp_pos-lossave_Fix,0.5555555555555556,2033993,100128,0.30613468045811953,1.4095153154345506,0.00036750888820384734,0.4083097093620221,1.4173797311036498,1.021469320913635,CV_LearningParams_Fit_alpha_neg-alpha_pos-beta-exp_neg-exp_pos-lossave_Fix_
2,0,3,LearningParams_Fit_alpha_neg-alpha_pos-beta-exp_neg-exp_pos-lossave_Fix,0.6888888888888889,2033993,100128,0.05014454496640465,1.3024660985104757,0.009730895056248391,0.05,0.8285439255373704,0.7786118918898173,CV_LearningParams_Fit_alpha_neg-alpha_pos-beta-exp_neg-exp_pos-lossave_Fix_
3,0,4,LearningParams_Fit_alpha_neg-alpha_pos-beta-exp_neg-exp_pos-lossave_Fix,0.4444444444444444,2033993,100128,0.33863031365456,0.05,0.1037704549748273,0.5062483223046955,0.966442478422231,1.8542083155979543,CV_LearningParams_Fit_alpha_neg-alpha_pos-beta-exp_neg-exp_pos-lossave_Fix_
0,0,1,LearningParams_Fit_alpha_neg-alpha_pos-beta-exp_neg-exp_pos-lossave_Fix,0.6888888888888889,9272638,200085,0.05,0.3207679530322992,0.4406093570656077,0.05,0.05,6.39154118567401,CV_LearningParams_Fit_alpha_neg-alpha_pos-beta-exp_neg-exp_pos-lossave_Fix_
1,0,2,LearningParams_Fit_alpha_neg-alpha_pos-beta-exp_neg-exp_pos-lossave_Fix,0.7111111111111111,9272638,200085,0.05,0.2048703835721904,0.3473475558005874,0.05,0.2664218550932933,3.907728482691654,CV_LearningParams_Fit_alpha_neg-alpha_pos-beta-exp_neg-exp_pos-lossave_Fix_
2,0,3,LearningParams_Fit_alpha_neg-alpha_pos-beta-exp_neg-exp_pos-lossave_Fix,0.8222222222222222,9272638,200085,0.05,0.2906738045916186,0.5051071602558339,0.05,0.0645688213732763,0.0,CV_LearningParams_Fit_alpha_neg-alpha_pos-beta-exp_neg-exp_pos-lossave_Fix_
3,0,4,LearningParams_Fit_alpha_neg-alpha_pos-beta-exp_neg-exp_pos-lossave_Fix,0.8,9272638,200085,0.05,0.1904732091966462,0.514635205471297,0.05,0.20781720061532447,0.0,CV_LearningParams_Fit_alpha_neg-alpha_pos-beta-exp_neg-exp_pos-lossave_Fix_
0,0,1,LearningParams_Fit_alpha_neg-alpha_pos-beta-exp_neg-exp_pos-lossave_Fix,0.6222222222222222,8561999,100244,0.12356885205154247,0.07791167489771142,3.7610642844405495,0.05,0.5879184532619198,4.870219475620224,CV_LearningParams_Fit_alpha_neg-alpha_pos-beta-exp_neg-exp_pos-lossave_Fix_
1,0,2,LearningParams_Fit_alpha_neg-alpha_pos-beta-exp_neg-exp_pos-lossave_Fix,0.8444444444444444,8561999,100244,0.6889284856678588,0.05,1.1693742125660336,0.05,1.5453696916641504,3.666846548420832,CV_LearningParams_Fit_alpha_neg-alpha_pos-beta-exp_neg-exp_pos-lossave_Fix_
2,0,3,LearningParams_Fit_alpha_neg-alpha_pos-beta-exp_neg-exp_pos-lossave_Fix,0.5777777777777777,8561999,100244,0.17130819607122552,0.05,1.4780601610089108,0.1096871160109228,0.82827885448629,8.947438384210349,CV_LearningParams_Fit_alpha_neg-alpha_pos-beta-exp_neg-exp_pos-lossave_Fix_
3,0,4,LearningParams_Fit_alpha_neg-alpha_pos-beta-exp_neg-exp_pos-lossave_Fix,0.8888888888888888,8561999,100244,0.28266238183353903,0.14826170054818455,0.8005402780155488,0.05,0.7391981410817282,7.162982224010933,CV_LearningParams_Fit_alpha_neg-alpha_pos-beta-exp_neg-exp_pos-lossave_Fix_
0,0,1,LearningParams_Fit_alpha_neg-alpha_pos-beta-exp_neg-exp_pos-lossave_Fix,0.5777777777777777,5936361,200213,0.05,0.05,0.08461034272718103,0.8664613564432387,1.0932066988456448,1.0160294605088624,CV_LearningParams_Fit_alpha_neg-alpha_pos-beta-exp_neg-exp_pos-lossave_Fix_
1,0,2,LearningParams_Fit_alpha_neg-alpha_pos-beta-exp_neg-exp_pos-lossave_Fix,0.4666666666666667,5936361,200213,0.08264581520326718,0.05,0.04988512392289805,0.7208623926805666,1.3771717756633401,5.449527858996704,CV_LearningParams_Fit_alpha_neg-alpha_pos-beta-exp_neg-exp_pos-lossave_Fix_
2,0,3,LearningParams_Fit_alpha_neg-alpha_pos-beta-exp_neg-exp_pos-lossave_Fix,0.5777777777777777,5936361,200213,0.1106200400785745,1.475369307419926,0.2843439325666245,0.7889861340973661,0.3477954981606854,0.6086458081436329,CV_LearningParams_Fit_alpha_neg-alpha_pos-beta-exp_neg-exp_pos-lossave_Fix_
3,0,4,LearningParams_Fit_alpha_neg-alpha_pos-beta-exp_neg-exp_pos-lossave_Fix,0.5111111111111111,5936361,200213,0.05,0.37013420689713983,0.03969011019065698,1.0340737078185938,0.963994357104087,1.8219965046416904,CV_LearningParams_Fit_alpha_neg-alpha_pos-beta-exp_neg-exp_pos-lossave_Fix_
0,0,1,LearningParams_Fit_alpha_neg-alpha_pos-beta-exp_neg-exp_pos-lossave_Fix,0.5333333333333333,2791017,311283,0.4865904708936262,0.3098533650251561,1.6030633447039249,0.3137401693058387,0.2845265947080006,0.033303896943043636,CV_LearningParams_Fit_alpha_neg-alpha_pos-beta-exp_neg-exp_pos-lossave_Fix_
1,0,2,LearningParams_Fit_alpha_neg-alpha_pos-beta-exp_neg-exp_pos-lossave_Fix,0.4,2791017,311283,1.6688984646395246,0.0512542287155378,0.14292811062975289,0.0839017294658598,0.9250089891848942,0.0028708145274782357,CV_LearningParams_Fit_alpha_neg-alpha_pos-beta-exp_neg-exp_pos-lossave_Fix_
2,0,3,LearningParams_Fit_alpha_neg-alpha_pos-beta-exp_neg-exp_pos-lossave_Fix,0.6444444444444445,2791017,311283,0.4900868216478113,0.09987432789408628,0.253844265211252,0.08561867362751763,0.6646259635403553,0.5182839460453984,CV_LearningParams_Fit_alpha_neg-alpha_pos-beta-exp_neg-exp_pos-lossave_Fix_
3,0,4,LearningParams_Fit_alpha_neg-alpha_pos-beta-exp_neg-exp_pos-lossave_Fix,0.2888888888888889,2791017,311283,0.3668062585940768,0.050958243589691816,1.1519293771810741,0.19073394909261526,0.5894931121108928,0.11063885909256907,CV_LearningParams_Fit_alpha_neg-alpha_pos-beta-exp_neg-exp_pos-lossave_Fix_
0,0,1,LearningParams_Fit_alpha_neg-alpha_pos-beta-exp_neg-exp_pos-lossave_Fix,0.6153846153846154,3000659,100110,0.05093122768448023,0.052655074306986405,2.6068180387376367,0.0991678356810528,0.2454638345008604,1.2443885637820342,CV_LearningParams_Fit_alpha_neg-alpha_pos-beta-exp_neg-exp_pos-lossave_Fix_
1,0,2,LearningParams_Fit_alpha_neg-alpha_pos-beta-exp_neg-exp_pos-lossave_Fix,0.5384615384615384,3000659,100110,0.3604227422486708,0.05048818480223572,3.521314030188526,0.05,0.594621313942322,0.35900899021550514,CV_LearningParams_Fit_alpha_neg-alpha_pos-beta-exp_neg-exp_pos-lossave_Fix_
2,0,3,LearningParams_Fit_alpha_neg-alpha_pos-beta-exp_neg-exp_pos-lossave_Fix,0.20512820512820512,3000659,100110,0.8972661379481581,1.1216388959788606,0.3046482153215532,0.13225798180703827,0.05,0.9405300333616302,CV_LearningParams_Fit_alpha_neg-alpha_pos-beta-exp_neg-exp_pos-lossave_Fix_
3,0,4,LearningParams_Fit_alpha_neg-alpha_pos-beta-exp_neg-exp_pos-lossave_Fix,0.4615384615384616,3000659,100110,0.05,0.299487694162192,0.4336435736886478,0.3987157124310476,0.05,10.0,CV_LearningParams_Fit_alpha_neg-alpha_pos-beta-exp_neg-exp_pos-lossave_Fix_
0,0,1,LearningParams_Fit_alpha_neg-alpha_pos-beta-exp_neg-exp_pos-lossave_Fix,0.5777777777777777,9421805,310949,0.3997654404447047,0.4896472851142929,0.16642734798960732,0.38903440456358335,0.5775689424118963,2.0230672562256906,CV_LearningParams_Fit_alpha_neg-alpha_pos-beta-exp_neg-exp_pos-lossave_Fix_
1,0,2,LearningParams_Fit_alpha_neg-alpha_pos-beta-exp_neg-exp_pos-lossave_Fix,0.6888888888888889,9421805,310949,0.2492233387196163,0.9658775691016688,0.12387493242544755,0.4855280491564074,0.5291374233974063,4.529013301755836,CV_LearningParams_Fit_alpha_neg-alpha_pos-beta-exp_neg-exp_pos-lossave_Fix_
2,0,3,LearningParams_Fit_alpha_neg-alpha_pos-beta-exp_neg-exp_pos-lossave_Fix,0.6,9421805,310949,2.0,1.7156061859000795,0.05959708209939232,0.3353490475837836,0.6646326829114281,0.9019569708257144,CV_LearningParams_Fit_alpha_neg-alpha_pos-beta-exp_neg-exp_pos-lossave_Fix_
3,0,4,LearningParams_Fit_alpha_neg-alpha_pos-beta-exp_neg-exp_pos-lossave_Fix,0.7777777777777778,9421805,310949,0.09442669286427773,0.7436287031869802,0.17279546897273734,0.6142381137503318,0.4564387366867517,10.0,CV_LearningParams_Fit_alpha_neg-alpha_pos-beta-exp_neg-exp_pos-lossave_Fix_
0,0,1,LearningParams_Fit_alpha_neg-alpha_pos-beta-exp_neg-exp_pos-lossave_Fix,0.6666666666666666,7463824,200056,0.05,0.1229895964410232,0.5866818536578039,0.05,0.17685900614789138,10.0,CV_LearningParams_Fit_alpha_neg-alpha_pos-beta-exp_neg-exp_pos-lossave_Fix_
1,0,2,LearningParams_Fit_alpha_neg-alpha_pos-beta-exp_neg-exp_pos-lossave_Fix,0.4,7463824,200056,1.043261326311235,0.8092993253803936,0.6262341410518574,0.0830969264480647,0.05003029029808717,0.14517118465539408,CV_LearningParams_Fit_alpha_neg-alpha_pos-beta-exp_neg-exp_pos-lossave_Fix_
2,0,3,LearningParams_Fit_alpha_neg-alpha_pos-beta-exp_neg-exp_pos-lossave_Fix,0.5777777777777777,7463824,200056,0.4209599697698543,0.982205086924635,0.6971902347853003,0.3804956356096341,0.11841300391831272,0.023224627968430014,CV_LearningParams_Fit_alpha_neg-alpha_pos-beta-exp_neg-exp_pos-lossave_Fix_
3,0,4,LearningParams_Fit_alpha_neg-alpha_pos-beta-exp_neg-exp_pos-lossave_Fix,0.5555555555555556,7463824,200056,0.09554070126726824,0.1276540770397251,0.3620123137423968,0.05,0.22563985367935185,10.0,CV_LearningParams_Fit_alpha_neg-alpha_pos-beta-exp_neg-exp_pos-lossave_Fix_
0,0,1,LearningParams_Fit_alpha_neg-alpha_pos-beta-exp_neg-exp_pos-lossave_Fix,0.8666666666666667,618258,200249,0.05269465159421818,0.5076490978362386,0.4974748303164277,0.6353257097661849,0.3312796890663435,0.3514370942860095,CV_LearningParams_Fit_alpha_neg-alpha_pos-beta-exp_neg-exp_pos-lossave_Fix_
1,0,2,LearningParams_Fit_alpha_neg-alpha_pos-beta-exp_neg-exp_pos-lossave_Fix,0.7333333333333333,618258,200249,0.07830283052468122,0.4740272682617451,0.43003640689069417,0.5625205265417056,0.41466062894450906,1.6306955172141224,CV_LearningParams_Fit_alpha_neg-alpha_pos-beta-exp_neg-exp_pos-lossave_Fix_
2,0,3,LearningParams_Fit_alpha_neg-alpha_pos-beta-exp_neg-exp_pos-lossave_Fix,0.4444444444444444,618258,200249,1.6348101059542748,0.4698104141612721,0.3001548214882813,0.05,0.6031437328626921,0.2319292385343724,CV_LearningParams_Fit_alpha_neg-alpha_pos-beta-exp_neg-exp_pos-lossave_Fix_
3,0,4,LearningParams_Fit_alpha_neg-alpha_pos-beta-exp_neg-exp_pos-lossave_Fix,0.5333333333333333,618258,200249,0.3130524418898579,0.514104680247322,0.4861601607530574,0.35398416015543216,0.42357052099015546,0.5231691791007524,CV_LearningParams_Fit_alpha_neg-alpha_pos-beta-exp_neg-exp_pos-lossave_Fix_
0,0,1,LearningParams_Fit_alpha_neg-alpha_pos-beta-exp_neg-exp_pos-lossave_Fix,0.37777777777777777,6129700,100109,0.4690964168807431,0.08480905186541435,6.857080821137023,0.05,0.2457660895245419,0.02689975782905733,CV_LearningParams_Fit_alpha_neg-alpha_pos-beta-exp_neg-exp_pos-lossave_Fix_
1,0,2,LearningParams_Fit_alpha_neg-alpha_pos-beta-exp_neg-exp_pos-lossave_Fix,0.5111111111111111,6129700,100109,0.2948037858705094,0.2590353308279765,0.3729383597712389,0.05,0.15502542356464316,1.6707703951621646,CV_LearningParams_Fit_alpha_neg-alpha_pos-beta-exp_neg-exp_pos-lossave_Fix_
2,0,3,LearningParams_Fit_alpha_neg-alpha_pos-beta-exp_neg-exp_pos-lossave_Fix,0.3111111111111111,6129700,100109,1.0680350214575336,0.05468612111535088,0.8969153061710946,0.05,0.6734001326186,0.15227042432419305,CV_LearningParams_Fit_alpha_neg-alpha_pos-beta-exp_neg-exp_pos-lossave_Fix_
3,0,4,LearningParams_Fit_alpha_neg-alpha_pos-beta-exp_neg-exp_pos-lossave_Fix,0.13333333333333333,6129700,100109,0.15837699234386893,0.07788091430666308,1.2303684467228817,0.15262460669671007,0.18170991344625256,0.5912124226651497,CV_LearningParams_Fit_alpha_neg-alpha_pos-beta-exp_neg-exp_pos-lossave_Fix_
