,Unnamed: 0,fold,model_name,pred_acc,seed,sub_id,xopt_alpha,xopt_beta,xopt_exp,xopt_lossave,model
0,0,1,LearningParams_Fit_alpha-beta-exp_Fix_lossave,0.7777777777777778,9881971,100185,0.08399839379015588,1.0580070641576085,0.1277831021053666,1.0,CV_LearningParams_Fit_alpha-beta-exp_Fix_lossave_
1,0,2,LearningParams_Fit_alpha-beta-exp_Fix_lossave,0.2888888888888889,9881971,100185,0.05743451352037751,1.9565687317168727,0.05,1.0,CV_LearningParams_Fit_alpha-beta-exp_Fix_lossave_
2,0,3,LearningParams_Fit_alpha-beta-exp_Fix_lossave,0.2888888888888889,9881971,100185,1.9466835976823116,0.19760098404971574,0.051225176310587435,1.0,CV_LearningParams_Fit_alpha-beta-exp_Fix_lossave_
3,0,4,LearningParams_Fit_alpha-beta-exp_Fix_lossave,0.5333333333333333,9881971,100185,0.5871553936164831,0.3017299799014969,0.21304606932014136,1.0,CV_LearningParams_Fit_alpha-beta-exp_Fix_lossave_
0,0,1,LearningParams_Fit_alpha-beta-exp_Fix_lossave,0.5333333333333333,6618319,200162,0.05,0.4812510458689884,0.35279877482427113,1.0,CV_LearningParams_Fit_alpha-beta-exp_Fix_lossave_
1,0,2,LearningParams_Fit_alpha-beta-exp_Fix_lossave,0.2888888888888889,6618319,200162,2.0,0.13024434963567316,0.14199364582606525,1.0,CV_LearningParams_Fit_alpha-beta-exp_Fix_lossave_
2,0,3,LearningParams_Fit_alpha-beta-exp_Fix_lossave,0.5111111111111111,6618319,200162,2.0,0.032416493075373,0.2098158411083775,1.0,CV_LearningParams_Fit_alpha-beta-exp_Fix_lossave_
3,0,4,LearningParams_Fit_alpha-beta-exp_Fix_lossave,0.4222222222222222,6618319,200162,0.05,0.645202248536745,0.3569387305113061,1.0,CV_LearningParams_Fit_alpha-beta-exp_Fix_lossave_
0,0,1,LearningParams_Fit_alpha-beta-exp_Fix_lossave,0.17777777777777778,6633768,310949,0.05,0.0,0.05,1.0,CV_LearningParams_Fit_alpha-beta-exp_Fix_lossave_
1,0,2,LearningParams_Fit_alpha-beta-exp_Fix_lossave,0.4222222222222222,6633768,310949,1.8657968533319564,0.06763607049129611,0.4192486539862199,1.0,CV_LearningParams_Fit_alpha-beta-exp_Fix_lossave_
2,0,3,LearningParams_Fit_alpha-beta-exp_Fix_lossave,0.4666666666666667,6633768,310949,0.05,0.45072512660016,0.5966168771568344,1.0,CV_LearningParams_Fit_alpha-beta-exp_Fix_lossave_
3,0,4,LearningParams_Fit_alpha-beta-exp_Fix_lossave,0.7555555555555555,6633768,310949,0.05,0.22479339859587613,0.6694487578371366,1.0,CV_LearningParams_Fit_alpha-beta-exp_Fix_lossave_
0,0,1,LearningParams_Fit_alpha-beta-exp_Fix_lossave,0.2,4328083,311760,1.0522275686089282,0.2746216438409449,0.4056651309574461,1.0,CV_LearningParams_Fit_alpha-beta-exp_Fix_lossave_
1,0,2,LearningParams_Fit_alpha-beta-exp_Fix_lossave,0.6444444444444445,4328083,311760,0.05,2.267176707406237,0.5465247883747444,1.0,CV_LearningParams_Fit_alpha-beta-exp_Fix_lossave_
2,0,3,LearningParams_Fit_alpha-beta-exp_Fix_lossave,0.5777777777777777,4328083,311760,1.5544641931053103,0.3006930911266717,0.3079209104737371,1.0,CV_LearningParams_Fit_alpha-beta-exp_Fix_lossave_
3,0,4,LearningParams_Fit_alpha-beta-exp_Fix_lossave,0.5777777777777777,4328083,311760,0.05,7.886157913899813,0.4016520603157446,1.0,CV_LearningParams_Fit_alpha-beta-exp_Fix_lossave_
0,0,1,LearningParams_Fit_alpha-beta-exp_Fix_lossave,0.3111111111111111,898120,407209,0.05,0.0,0.05,1.0,CV_LearningParams_Fit_alpha-beta-exp_Fix_lossave_
1,0,2,LearningParams_Fit_alpha-beta-exp_Fix_lossave,0.3333333333333333,898120,407209,0.05,0.0,0.05,1.0,CV_LearningParams_Fit_alpha-beta-exp_Fix_lossave_
2,0,3,LearningParams_Fit_alpha-beta-exp_Fix_lossave,0.2888888888888889,898120,407209,0.05,0.0,0.05,1.0,CV_LearningParams_Fit_alpha-beta-exp_Fix_lossave_
3,0,4,LearningParams_Fit_alpha-beta-exp_Fix_lossave,0.3111111111111111,898120,407209,0.05,0.0,0.05,1.0,CV_LearningParams_Fit_alpha-beta-exp_Fix_lossave_
0,0,1,LearningParams_Fit_alpha-beta-exp_Fix_lossave,0.24444444444444444,4049658,311479,1.7750240335436562,0.27379668147194425,0.05,1.0,CV_LearningParams_Fit_alpha-beta-exp_Fix_lossave_
1,0,2,LearningParams_Fit_alpha-beta-exp_Fix_lossave,0.4,4049658,311479,0.13146525396595735,0.9173693510464624,0.05010232240211172,1.0,CV_LearningParams_Fit_alpha-beta-exp_Fix_lossave_
2,0,3,LearningParams_Fit_alpha-beta-exp_Fix_lossave,0.5111111111111111,4049658,311479,2.0,0.2386391042578641,0.09083552571049873,1.0,CV_LearningParams_Fit_alpha-beta-exp_Fix_lossave_
3,0,4,LearningParams_Fit_alpha-beta-exp_Fix_lossave,0.6666666666666666,4049658,311479,0.6308026621173382,0.2978840934888872,0.05,1.0,CV_LearningParams_Fit_alpha-beta-exp_Fix_lossave_
0,0,1,LearningParams_Fit_alpha-beta-exp_Fix_lossave,0.3111111111111111,3921210,100241,0.05,1.1364103516838262,0.33207757502754115,1.0,CV_LearningParams_Fit_alpha-beta-exp_Fix_lossave_
1,0,2,LearningParams_Fit_alpha-beta-exp_Fix_lossave,0.04444444444444445,3921210,100241,0.05,0.0,0.05,1.0,CV_LearningParams_Fit_alpha-beta-exp_Fix_lossave_
2,0,3,LearningParams_Fit_alpha-beta-exp_Fix_lossave,0.022222222222222227,3921210,100241,0.05,0.0,0.05,1.0,CV_LearningParams_Fit_alpha-beta-exp_Fix_lossave_
3,0,4,LearningParams_Fit_alpha-beta-exp_Fix_lossave,0.04444444444444445,3921210,100241,0.05,0.0,0.05,1.0,CV_LearningParams_Fit_alpha-beta-exp_Fix_lossave_
0,0,1,LearningParams_Fit_alpha-beta-exp_Fix_lossave,0.5111111111111111,7458589,100152,0.05,0.5492114514481713,0.7866386294103535,1.0,CV_LearningParams_Fit_alpha-beta-exp_Fix_lossave_
1,0,2,LearningParams_Fit_alpha-beta-exp_Fix_lossave,0.4888888888888889,7458589,100152,0.05,0.8755671257089901,0.6242783188465217,1.0,CV_LearningParams_Fit_alpha-beta-exp_Fix_lossave_
2,0,3,LearningParams_Fit_alpha-beta-exp_Fix_lossave,0.3111111111111111,7458589,100152,0.05,0.0,0.05,1.0,CV_LearningParams_Fit_alpha-beta-exp_Fix_lossave_
3,0,4,LearningParams_Fit_alpha-beta-exp_Fix_lossave,0.8444444444444444,7458589,100152,0.05,0.32334584160525864,0.7278897246255686,1.0,CV_LearningParams_Fit_alpha-beta-exp_Fix_lossave_
0,0,1,LearningParams_Fit_alpha-beta-exp_Fix_lossave,0.6444444444444445,4360223,408952,0.05,0.2505895948586397,0.8654166797818365,1.0,CV_LearningParams_Fit_alpha-beta-exp_Fix_lossave_
1,0,2,LearningParams_Fit_alpha-beta-exp_Fix_lossave,0.5111111111111111,4360223,408952,0.05,0.2885704826327026,0.8343924392562742,1.0,CV_LearningParams_Fit_alpha-beta-exp_Fix_lossave_
2,0,3,LearningParams_Fit_alpha-beta-exp_Fix_lossave,0.4888888888888889,4360223,408952,0.05,0.0,0.05,1.0,CV_LearningParams_Fit_alpha-beta-exp_Fix_lossave_
3,0,4,LearningParams_Fit_alpha-beta-exp_Fix_lossave,0.4444444444444444,4360223,408952,0.05,0.0,0.05,1.0,CV_LearningParams_Fit_alpha-beta-exp_Fix_lossave_
0,0,1,LearningParams_Fit_alpha-beta-exp_Fix_lossave,0.3333333333333333,2768476,200061,0.05,1.6811587891075859,0.5433141356184127,1.0,CV_LearningParams_Fit_alpha-beta-exp_Fix_lossave_
1,0,2,LearningParams_Fit_alpha-beta-exp_Fix_lossave,0.6222222222222222,2768476,200061,0.30587011729690505,0.1015408852415232,0.627061091160812,1.0,CV_LearningParams_Fit_alpha-beta-exp_Fix_lossave_
2,0,3,LearningParams_Fit_alpha-beta-exp_Fix_lossave,0.3111111111111111,2768476,200061,0.05,0.0,0.05,1.0,CV_LearningParams_Fit_alpha-beta-exp_Fix_lossave_
3,0,4,LearningParams_Fit_alpha-beta-exp_Fix_lossave,0.3333333333333333,2768476,200061,0.05,1.0014540812938268,0.6743327569568993,1.0,CV_LearningParams_Fit_alpha-beta-exp_Fix_lossave_
0,0,1,LearningParams_Fit_alpha-beta-exp_Fix_lossave,0.6222222222222222,2496960,408988,2.0,0.14182671978657488,0.12991844475605988,1.0,CV_LearningParams_Fit_alpha-beta-exp_Fix_lossave_
1,0,2,LearningParams_Fit_alpha-beta-exp_Fix_lossave,0.5333333333333333,2496960,408988,2.0,0.047591623466126255,0.6613102989824875,1.0,CV_LearningParams_Fit_alpha-beta-exp_Fix_lossave_
2,0,3,LearningParams_Fit_alpha-beta-exp_Fix_lossave,0.6888888888888889,2496960,408988,0.05,0.0,0.05,1.0,CV_LearningParams_Fit_alpha-beta-exp_Fix_lossave_
3,0,4,LearningParams_Fit_alpha-beta-exp_Fix_lossave,0.8666666666666667,2496960,408988,0.05,0.0,0.05,1.0,CV_LearningParams_Fit_alpha-beta-exp_Fix_lossave_
0,0,1,LearningParams_Fit_alpha-beta-exp_Fix_lossave,0.3333333333333333,3148171,100051,0.05,0.0,0.05,1.0,CV_LearningParams_Fit_alpha-beta-exp_Fix_lossave_
1,0,2,LearningParams_Fit_alpha-beta-exp_Fix_lossave,0.3555555555555556,3148171,100051,0.05,0.35301293889207075,0.4164194429447708,1.0,CV_LearningParams_Fit_alpha-beta-exp_Fix_lossave_
2,0,3,LearningParams_Fit_alpha-beta-exp_Fix_lossave,0.4444444444444444,3148171,100051,0.05,0.0,0.05,1.0,CV_LearningParams_Fit_alpha-beta-exp_Fix_lossave_
3,0,4,LearningParams_Fit_alpha-beta-exp_Fix_lossave,0.4666666666666667,3148171,100051,0.05,0.0,0.05,1.0,CV_LearningParams_Fit_alpha-beta-exp_Fix_lossave_
0,0,1,LearningParams_Fit_alpha-beta-exp_Fix_lossave,0.4222222222222222,2041549,100247,0.12024785676097485,0.17219842214963454,0.658645783525572,1.0,CV_LearningParams_Fit_alpha-beta-exp_Fix_lossave_
1,0,2,LearningParams_Fit_alpha-beta-exp_Fix_lossave,0.5555555555555556,2041549,100247,0.05,0.0,0.05,1.0,CV_LearningParams_Fit_alpha-beta-exp_Fix_lossave_
2,0,3,LearningParams_Fit_alpha-beta-exp_Fix_lossave,0.4444444444444444,2041549,100247,0.05,0.0,0.05,1.0,CV_LearningParams_Fit_alpha-beta-exp_Fix_lossave_
3,0,4,LearningParams_Fit_alpha-beta-exp_Fix_lossave,0.4888888888888889,2041549,100247,0.05,0.0,0.05,1.0,CV_LearningParams_Fit_alpha-beta-exp_Fix_lossave_
0,0,1,LearningParams_Fit_alpha-beta-exp_Fix_lossave,0.3111111111111111,2845234,200133,0.05,0.0,0.05,1.0,CV_LearningParams_Fit_alpha-beta-exp_Fix_lossave_
1,0,2,LearningParams_Fit_alpha-beta-exp_Fix_lossave,0.4222222222222222,2845234,200133,0.05,0.0,0.05,1.0,CV_LearningParams_Fit_alpha-beta-exp_Fix_lossave_
2,0,3,LearningParams_Fit_alpha-beta-exp_Fix_lossave,0.6444444444444445,2845234,200133,0.05,0.4510030397921893,0.6106079227613306,1.0,CV_LearningParams_Fit_alpha-beta-exp_Fix_lossave_
3,0,4,LearningParams_Fit_alpha-beta-exp_Fix_lossave,0.6222222222222222,2845234,200133,2.0,0.036228897984448116,0.4283080168362384,1.0,CV_LearningParams_Fit_alpha-beta-exp_Fix_lossave_
0,0,1,LearningParams_Fit_alpha-beta-exp_Fix_lossave,0.4222222222222222,4955044,409381,0.05,0.12040400014362215,1.1528110574136474,1.0,CV_LearningParams_Fit_alpha-beta-exp_Fix_lossave_
1,0,2,LearningParams_Fit_alpha-beta-exp_Fix_lossave,0.9111111111111112,4955044,409381,0.05,0.4373412139323496,0.8000465538060847,1.0,CV_LearningParams_Fit_alpha-beta-exp_Fix_lossave_
2,0,3,LearningParams_Fit_alpha-beta-exp_Fix_lossave,0.7777777777777778,4955044,409381,0.05,0.31434034544163764,0.8747477854334249,1.0,CV_LearningParams_Fit_alpha-beta-exp_Fix_lossave_
3,0,4,LearningParams_Fit_alpha-beta-exp_Fix_lossave,0.4444444444444444,4955044,409381,0.05,0.15725457106672394,0.9301814582172434,1.0,CV_LearningParams_Fit_alpha-beta-exp_Fix_lossave_
0,0,1,LearningParams_Fit_alpha-beta-exp_Fix_lossave,0.3333333333333333,7881101,200211,0.3359619114118622,0.30780119841380565,0.14147943712331576,1.0,CV_LearningParams_Fit_alpha-beta-exp_Fix_lossave_
1,0,2,LearningParams_Fit_alpha-beta-exp_Fix_lossave,0.7333333333333333,7881101,200211,0.1328451617804592,0.6840725765962237,0.14599062792567524,1.0,CV_LearningParams_Fit_alpha-beta-exp_Fix_lossave_
2,0,3,LearningParams_Fit_alpha-beta-exp_Fix_lossave,0.6,7881101,200211,0.6336907361312638,0.2898447238538712,0.05,1.0,CV_LearningParams_Fit_alpha-beta-exp_Fix_lossave_
3,0,4,LearningParams_Fit_alpha-beta-exp_Fix_lossave,0.5333333333333333,7881101,200211,0.05,2.672757482144783,0.13140632779223674,1.0,CV_LearningParams_Fit_alpha-beta-exp_Fix_lossave_
0,0,1,LearningParams_Fit_alpha-beta-exp_Fix_lossave,0.37777777777777777,1461884,411477,0.6690050259248107,0.25280589017572913,0.16162206249969058,1.0,CV_LearningParams_Fit_alpha-beta-exp_Fix_lossave_
1,0,2,LearningParams_Fit_alpha-beta-exp_Fix_lossave,0.4222222222222222,1461884,411477,0.8482223366916704,0.19612232107320549,0.08076953866900001,1.0,CV_LearningParams_Fit_alpha-beta-exp_Fix_lossave_
2,0,3,LearningParams_Fit_alpha-beta-exp_Fix_lossave,0.5333333333333333,1461884,411477,0.05,1.0633202342778678,0.2574654546171664,1.0,CV_LearningParams_Fit_alpha-beta-exp_Fix_lossave_
3,0,4,LearningParams_Fit_alpha-beta-exp_Fix_lossave,0.2,1461884,411477,0.2969635996325907,0.19538220336584988,0.15861145146327146,1.0,CV_LearningParams_Fit_alpha-beta-exp_Fix_lossave_
0,0,1,LearningParams_Fit_alpha-beta-exp_Fix_lossave,0.4666666666666667,9453400,400742,1.2038258865084932,0.2530344455404765,0.05,1.0,CV_LearningParams_Fit_alpha-beta-exp_Fix_lossave_
1,0,2,LearningParams_Fit_alpha-beta-exp_Fix_lossave,0.6,9453400,400742,0.4602625439770431,0.2387725362260533,0.05,1.0,CV_LearningParams_Fit_alpha-beta-exp_Fix_lossave_
2,0,3,LearningParams_Fit_alpha-beta-exp_Fix_lossave,0.4666666666666667,9453400,400742,0.8501992028482499,0.2736493285592954,0.05,1.0,CV_LearningParams_Fit_alpha-beta-exp_Fix_lossave_
3,0,4,LearningParams_Fit_alpha-beta-exp_Fix_lossave,0.6222222222222222,9453400,400742,0.05,1.1508866151700228,0.05,1.0,CV_LearningParams_Fit_alpha-beta-exp_Fix_lossave_
0,0,1,LearningParams_Fit_alpha-beta-exp_Fix_lossave,0.15555555555555556,6751445,200056,0.05,1.4930814127311265,0.11444993326419667,1.0,CV_LearningParams_Fit_alpha-beta-exp_Fix_lossave_
1,0,2,LearningParams_Fit_alpha-beta-exp_Fix_lossave,0.4444444444444444,6751445,200056,0.10444605302123636,1.2000791217240752,0.05,1.0,CV_LearningParams_Fit_alpha-beta-exp_Fix_lossave_
2,0,3,LearningParams_Fit_alpha-beta-exp_Fix_lossave,0.6666666666666666,6751445,200056,0.8771844572833146,0.2201299132647768,0.16564643831490344,1.0,CV_LearningParams_Fit_alpha-beta-exp_Fix_lossave_
3,0,4,LearningParams_Fit_alpha-beta-exp_Fix_lossave,0.5777777777777777,6751445,200056,0.06901631970723503,2.06950731976823,0.05,1.0,CV_LearningParams_Fit_alpha-beta-exp_Fix_lossave_
0,0,1,LearningParams_Fit_alpha-beta-exp_Fix_lossave,0.37777777777777777,4074420,409850,0.05,0.0,0.05,1.0,CV_LearningParams_Fit_alpha-beta-exp_Fix_lossave_
1,0,2,LearningParams_Fit_alpha-beta-exp_Fix_lossave,0.6666666666666666,4074420,409850,0.05,0.4666638300849565,0.8039683107848213,1.0,CV_LearningParams_Fit_alpha-beta-exp_Fix_lossave_
2,0,3,LearningParams_Fit_alpha-beta-exp_Fix_lossave,0.2,4074420,409850,0.05,0.14591060567275715,1.1620843692389415,1.0,CV_LearningParams_Fit_alpha-beta-exp_Fix_lossave_
3,0,4,LearningParams_Fit_alpha-beta-exp_Fix_lossave,0.6666666666666666,4074420,409850,0.05,0.2029530668807083,0.9856415936235297,1.0,CV_LearningParams_Fit_alpha-beta-exp_Fix_lossave_
0,0,1,LearningParams_Fit_alpha-beta-exp_Fix_lossave,0.6222222222222222,7376245,411256,0.05,1.841662958742459,0.6259345510509665,1.0,CV_LearningParams_Fit_alpha-beta-exp_Fix_lossave_
1,0,2,LearningParams_Fit_alpha-beta-exp_Fix_lossave,0.6,7376245,411256,0.05,0.2828708234933595,0.9385371311151596,1.0,CV_LearningParams_Fit_alpha-beta-exp_Fix_lossave_
2,0,3,LearningParams_Fit_alpha-beta-exp_Fix_lossave,0.4222222222222222,7376245,411256,0.05,0.0,0.05,1.0,CV_LearningParams_Fit_alpha-beta-exp_Fix_lossave_
3,0,4,LearningParams_Fit_alpha-beta-exp_Fix_lossave,0.8,7376245,411256,0.05,0.9211429830321765,0.7441549579739916,1.0,CV_LearningParams_Fit_alpha-beta-exp_Fix_lossave_
0,0,1,LearningParams_Fit_alpha-beta-exp_Fix_lossave,0.3555555555555556,3626615,100214,0.05,0.0,0.05,1.0,CV_LearningParams_Fit_alpha-beta-exp_Fix_lossave_
1,0,2,LearningParams_Fit_alpha-beta-exp_Fix_lossave,0.4222222222222222,3626615,100214,0.05,0.0,0.05,1.0,CV_LearningParams_Fit_alpha-beta-exp_Fix_lossave_
2,0,3,LearningParams_Fit_alpha-beta-exp_Fix_lossave,0.4888888888888889,3626615,100214,0.0556639532796121,0.10176914023957,0.7746966148855962,1.0,CV_LearningParams_Fit_alpha-beta-exp_Fix_lossave_
3,0,4,LearningParams_Fit_alpha-beta-exp_Fix_lossave,0.2888888888888889,3626615,100214,0.05,0.0,0.05,1.0,CV_LearningParams_Fit_alpha-beta-exp_Fix_lossave_
0,0,1,LearningParams_Fit_alpha-beta-exp_Fix_lossave,0.2888888888888889,8321131,100188,0.06847736845912503,0.08401941142339323,0.05,1.0,CV_LearningParams_Fit_alpha-beta-exp_Fix_lossave_
1,0,2,LearningParams_Fit_alpha-beta-exp_Fix_lossave,0.2222222222222222,8321131,100188,0.05,0.03819391969210768,0.6290256306969713,1.0,CV_LearningParams_Fit_alpha-beta-exp_Fix_lossave_
2,0,3,LearningParams_Fit_alpha-beta-exp_Fix_lossave,0.4888888888888889,8321131,100188,0.05,0.4609375914853308,0.05,1.0,CV_LearningParams_Fit_alpha-beta-exp_Fix_lossave_
3,0,4,LearningParams_Fit_alpha-beta-exp_Fix_lossave,0.26666666666666666,8321131,100188,2.0,0.10598078167998043,0.05,1.0,CV_LearningParams_Fit_alpha-beta-exp_Fix_lossave_
0,0,1,LearningParams_Fit_alpha-beta-exp_Fix_lossave,0.37777777777777777,6150010,405027,0.05,0.5277195228321309,0.3922266219606122,1.0,CV_LearningParams_Fit_alpha-beta-exp_Fix_lossave_
1,0,2,LearningParams_Fit_alpha-beta-exp_Fix_lossave,0.4444444444444444,6150010,405027,0.05,0.3369775919252337,0.530791709871966,1.0,CV_LearningParams_Fit_alpha-beta-exp_Fix_lossave_
2,0,3,LearningParams_Fit_alpha-beta-exp_Fix_lossave,0.26666666666666666,6150010,405027,0.05,0.0,0.05,1.0,CV_LearningParams_Fit_alpha-beta-exp_Fix_lossave_
3,0,4,LearningParams_Fit_alpha-beta-exp_Fix_lossave,0.3555555555555556,6150010,405027,0.05,0.0,0.05,1.0,CV_LearningParams_Fit_alpha-beta-exp_Fix_lossave_
0,0,1,LearningParams_Fit_alpha-beta-exp_Fix_lossave,0.6,4561490,200088,0.05,2.0092377192992115,0.3932652605052106,1.0,CV_LearningParams_Fit_alpha-beta-exp_Fix_lossave_
1,0,2,LearningParams_Fit_alpha-beta-exp_Fix_lossave,0.7333333333333333,4561490,200088,2.0,0.14477818347481985,0.2594773057209533,1.0,CV_LearningParams_Fit_alpha-beta-exp_Fix_lossave_
2,0,3,LearningParams_Fit_alpha-beta-exp_Fix_lossave,0.26666666666666666,4561490,200088,0.05,0.0,0.05,1.0,CV_LearningParams_Fit_alpha-beta-exp_Fix_lossave_
3,0,4,LearningParams_Fit_alpha-beta-exp_Fix_lossave,0.2222222222222222,4561490,200088,0.0771720845398251,0.34824368103339226,0.6255243032265637,1.0,CV_LearningParams_Fit_alpha-beta-exp_Fix_lossave_
0,0,1,LearningParams_Fit_alpha-beta-exp_Fix_lossave,0.6666666666666666,2325791,200168,0.43117767918132266,0.5043466134811835,0.05,1.0,CV_LearningParams_Fit_alpha-beta-exp_Fix_lossave_
1,0,2,LearningParams_Fit_alpha-beta-exp_Fix_lossave,0.4888888888888889,2325791,200168,0.7095435435364327,0.4239052840317916,0.05,1.0,CV_LearningParams_Fit_alpha-beta-exp_Fix_lossave_
2,0,3,LearningParams_Fit_alpha-beta-exp_Fix_lossave,0.5777777777777777,2325791,200168,0.2962527060078963,0.7089343964387621,0.05,1.0,CV_LearningParams_Fit_alpha-beta-exp_Fix_lossave_
3,0,4,LearningParams_Fit_alpha-beta-exp_Fix_lossave,0.4666666666666667,2325791,200168,1.3410879119545698,0.3431152441150471,0.05,1.0,CV_LearningParams_Fit_alpha-beta-exp_Fix_lossave_
0,0,1,LearningParams_Fit_alpha-beta-exp_Fix_lossave,0.8,445200,200025,0.05,0.8856168138557289,0.7588708911278398,1.0,CV_LearningParams_Fit_alpha-beta-exp_Fix_lossave_
1,0,2,LearningParams_Fit_alpha-beta-exp_Fix_lossave,0.7333333333333333,445200,200025,0.05,2.615482618040089,0.5715234784620561,1.0,CV_LearningParams_Fit_alpha-beta-exp_Fix_lossave_
2,0,3,LearningParams_Fit_alpha-beta-exp_Fix_lossave,0.8444444444444444,445200,200025,0.05,0.95408843561681,0.7054912385892012,1.0,CV_LearningParams_Fit_alpha-beta-exp_Fix_lossave_
3,0,4,LearningParams_Fit_alpha-beta-exp_Fix_lossave,0.26666666666666666,445200,200025,0.05,0.13119472167212254,1.027331620151674,1.0,CV_LearningParams_Fit_alpha-beta-exp_Fix_lossave_
0,0,1,LearningParams_Fit_alpha-beta-exp_Fix_lossave,0.5777777777777777,3915807,200148,0.05,0.25823273696876625,0.7324286332051271,1.0,CV_LearningParams_Fit_alpha-beta-exp_Fix_lossave_
1,0,2,LearningParams_Fit_alpha-beta-exp_Fix_lossave,0.24444444444444444,3915807,200148,0.05,0.0,0.05,1.0,CV_LearningParams_Fit_alpha-beta-exp_Fix_lossave_
2,0,3,LearningParams_Fit_alpha-beta-exp_Fix_lossave,0.5555555555555556,3915807,200148,0.3301102809472946,0.07983038535431583,0.680556149840876,1.0,CV_LearningParams_Fit_alpha-beta-exp_Fix_lossave_
3,0,4,LearningParams_Fit_alpha-beta-exp_Fix_lossave,0.24444444444444444,3915807,200148,0.05,0.0,0.05,1.0,CV_LearningParams_Fit_alpha-beta-exp_Fix_lossave_
0,0,1,LearningParams_Fit_alpha-beta-exp_Fix_lossave,0.4666666666666667,5118906,100243,0.05,2.2029786537153457,0.18154219645957168,1.0,CV_LearningParams_Fit_alpha-beta-exp_Fix_lossave_
1,0,2,LearningParams_Fit_alpha-beta-exp_Fix_lossave,0.5555555555555556,5118906,100243,0.05,1.5600083238401274,0.05,1.0,CV_LearningParams_Fit_alpha-beta-exp_Fix_lossave_
2,0,3,LearningParams_Fit_alpha-beta-exp_Fix_lossave,0.3111111111111111,5118906,100243,0.05,2.3217711556838188,0.06385073367081627,1.0,CV_LearningParams_Fit_alpha-beta-exp_Fix_lossave_
3,0,4,LearningParams_Fit_alpha-beta-exp_Fix_lossave,0.5111111111111111,5118906,100243,0.05,2.5109144746730507,0.17849783861946986,1.0,CV_LearningParams_Fit_alpha-beta-exp_Fix_lossave_
0,0,1,LearningParams_Fit_alpha-beta-exp_Fix_lossave,0.17777777777777778,2438794,100003,0.05,0.0,0.05,1.0,CV_LearningParams_Fit_alpha-beta-exp_Fix_lossave_
1,0,2,LearningParams_Fit_alpha-beta-exp_Fix_lossave,0.4,2438794,100003,0.05,0.6327654327777631,0.3978551225857597,1.0,CV_LearningParams_Fit_alpha-beta-exp_Fix_lossave_
2,0,3,LearningParams_Fit_alpha-beta-exp_Fix_lossave,0.26666666666666666,2438794,100003,0.05,0.0,0.05,1.0,CV_LearningParams_Fit_alpha-beta-exp_Fix_lossave_
3,0,4,LearningParams_Fit_alpha-beta-exp_Fix_lossave,0.2222222222222222,2438794,100003,0.05,1.7460010968136894,0.3313637466076044,1.0,CV_LearningParams_Fit_alpha-beta-exp_Fix_lossave_
0,0,1,LearningParams_Fit_alpha-beta-exp_Fix_lossave,0.4358974358974359,2835792,100110,0.4149862477349717,0.3285889798605529,0.18847951190890225,1.0,CV_LearningParams_Fit_alpha-beta-exp_Fix_lossave_
1,0,2,LearningParams_Fit_alpha-beta-exp_Fix_lossave,0.5641025641025641,2835792,100110,0.05,2.6001939306725528,0.23811829407170496,1.0,CV_LearningParams_Fit_alpha-beta-exp_Fix_lossave_
2,0,3,LearningParams_Fit_alpha-beta-exp_Fix_lossave,0.4871794871794872,2835792,100110,0.5201846124985143,0.3469857874436704,0.23152521948637486,1.0,CV_LearningParams_Fit_alpha-beta-exp_Fix_lossave_
3,0,4,LearningParams_Fit_alpha-beta-exp_Fix_lossave,0.4871794871794872,2835792,100110,0.6564001808556854,0.5294112390916583,0.05,1.0,CV_LearningParams_Fit_alpha-beta-exp_Fix_lossave_
0,0,1,LearningParams_Fit_alpha-beta-exp_Fix_lossave,0.5333333333333333,5431930,306587,0.260717155293183,0.6924879491145072,0.05,1.0,CV_LearningParams_Fit_alpha-beta-exp_Fix_lossave_
1,0,2,LearningParams_Fit_alpha-beta-exp_Fix_lossave,0.4444444444444444,5431930,306587,0.05,1.3173619308801827,0.05,1.0,CV_LearningParams_Fit_alpha-beta-exp_Fix_lossave_
2,0,3,LearningParams_Fit_alpha-beta-exp_Fix_lossave,0.3333333333333333,5431930,306587,0.05126357777278627,1.1117875879512304,0.05,1.0,CV_LearningParams_Fit_alpha-beta-exp_Fix_lossave_
3,0,4,LearningParams_Fit_alpha-beta-exp_Fix_lossave,0.5333333333333333,5431930,306587,0.4701753201338839,0.2046857503470595,0.05,1.0,CV_LearningParams_Fit_alpha-beta-exp_Fix_lossave_
0,0,1,LearningParams_Fit_alpha-beta-exp_Fix_lossave,0.2222222222222222,4932174,200166,0.05,1.050871146007602,0.5538924460381179,1.0,CV_LearningParams_Fit_alpha-beta-exp_Fix_lossave_
1,0,2,LearningParams_Fit_alpha-beta-exp_Fix_lossave,0.3555555555555556,4932174,200166,0.05,0.0,0.05,1.0,CV_LearningParams_Fit_alpha-beta-exp_Fix_lossave_
2,0,3,LearningParams_Fit_alpha-beta-exp_Fix_lossave,0.3111111111111111,4932174,200166,0.05,0.0,0.05,1.0,CV_LearningParams_Fit_alpha-beta-exp_Fix_lossave_
3,0,4,LearningParams_Fit_alpha-beta-exp_Fix_lossave,0.5555555555555556,4932174,200166,0.05,0.11080076338125887,0.851158305281072,1.0,CV_LearningParams_Fit_alpha-beta-exp_Fix_lossave_
0,0,1,LearningParams_Fit_alpha-beta-exp_Fix_lossave,0.17777777777777778,1634397,100042,0.5569357358484329,0.2165380542172135,0.05,1.0,CV_LearningParams_Fit_alpha-beta-exp_Fix_lossave_
1,0,2,LearningParams_Fit_alpha-beta-exp_Fix_lossave,0.6888888888888889,1634397,100042,0.3801208278649507,0.3455737166750697,0.22584709800710806,1.0,CV_LearningParams_Fit_alpha-beta-exp_Fix_lossave_
2,0,3,LearningParams_Fit_alpha-beta-exp_Fix_lossave,0.6222222222222222,1634397,100042,0.27894536659759617,0.4050215608839705,0.11991731525062073,1.0,CV_LearningParams_Fit_alpha-beta-exp_Fix_lossave_
3,0,4,LearningParams_Fit_alpha-beta-exp_Fix_lossave,0.6222222222222222,1634397,100042,1.4236371506017786,0.15618803448642354,0.2676485095268797,1.0,CV_LearningParams_Fit_alpha-beta-exp_Fix_lossave_
0,0,1,LearningParams_Fit_alpha-beta-exp_Fix_lossave,0.5555555555555556,3704792,200199,0.2284649817748507,0.4020268885638125,0.05,1.0,CV_LearningParams_Fit_alpha-beta-exp_Fix_lossave_
1,0,2,LearningParams_Fit_alpha-beta-exp_Fix_lossave,0.5777777777777777,3704792,200199,0.4397343294920912,0.284052501953419,0.05,1.0,CV_LearningParams_Fit_alpha-beta-exp_Fix_lossave_
2,0,3,LearningParams_Fit_alpha-beta-exp_Fix_lossave,0.5333333333333333,3704792,200199,0.4099495375319138,0.31730919851456163,0.05,1.0,CV_LearningParams_Fit_alpha-beta-exp_Fix_lossave_
3,0,4,LearningParams_Fit_alpha-beta-exp_Fix_lossave,0.4444444444444444,3704792,200199,0.4591420613326328,0.3032625318642055,0.05,1.0,CV_LearningParams_Fit_alpha-beta-exp_Fix_lossave_
0,0,1,LearningParams_Fit_alpha-beta-exp_Fix_lossave,0.3555555555555556,4521025,100169,0.06935470506343082,1.283007605215658,0.05,1.0,CV_LearningParams_Fit_alpha-beta-exp_Fix_lossave_
1,0,2,LearningParams_Fit_alpha-beta-exp_Fix_lossave,0.4888888888888889,4521025,100169,0.19006101823106594,0.3272015615238181,0.05,1.0,CV_LearningParams_Fit_alpha-beta-exp_Fix_lossave_
2,0,3,LearningParams_Fit_alpha-beta-exp_Fix_lossave,0.5333333333333333,4521025,100169,0.05308663914329733,0.551932512420532,0.05,1.0,CV_LearningParams_Fit_alpha-beta-exp_Fix_lossave_
3,0,4,LearningParams_Fit_alpha-beta-exp_Fix_lossave,0.6444444444444445,4521025,100169,0.056048234157722296,0.9694425097502222,0.05,1.0,CV_LearningParams_Fit_alpha-beta-exp_Fix_lossave_
0,0,1,LearningParams_Fit_alpha-beta-exp_Fix_lossave,0.5333333333333333,7453569,200213,0.05,0.305570689767932,0.7797543319700091,1.0,CV_LearningParams_Fit_alpha-beta-exp_Fix_lossave_
1,0,2,LearningParams_Fit_alpha-beta-exp_Fix_lossave,0.8222222222222222,7453569,200213,0.05,0.07699467436428857,0.9757972630219552,1.0,CV_LearningParams_Fit_alpha-beta-exp_Fix_lossave_
2,0,3,LearningParams_Fit_alpha-beta-exp_Fix_lossave,0.37777777777777777,7453569,200213,0.05,0.12974796319638948,0.8295941586511729,1.0,CV_LearningParams_Fit_alpha-beta-exp_Fix_lossave_
3,0,4,LearningParams_Fit_alpha-beta-exp_Fix_lossave,0.3333333333333333,7453569,200213,0.05,0.14069685957327274,0.907633639139426,1.0,CV_LearningParams_Fit_alpha-beta-exp_Fix_lossave_
0,0,1,LearningParams_Fit_alpha-beta-exp_Fix_lossave,0.4888888888888889,2777943,100063,0.05,1.7556266165495062,0.4891941177245022,1.0,CV_LearningParams_Fit_alpha-beta-exp_Fix_lossave_
1,0,2,LearningParams_Fit_alpha-beta-exp_Fix_lossave,0.6666666666666666,2777943,100063,0.05,0.8089635581727018,0.4778191604505748,1.0,CV_LearningParams_Fit_alpha-beta-exp_Fix_lossave_
2,0,3,LearningParams_Fit_alpha-beta-exp_Fix_lossave,0.6444444444444445,2777943,100063,0.05,0.8011294878673618,0.4936098903844618,1.0,CV_LearningParams_Fit_alpha-beta-exp_Fix_lossave_
3,0,4,LearningParams_Fit_alpha-beta-exp_Fix_lossave,0.3333333333333333,2777943,100063,0.05,0.245302923922112,0.7299417723992959,1.0,CV_LearningParams_Fit_alpha-beta-exp_Fix_lossave_
0,0,1,LearningParams_Fit_alpha-beta-exp_Fix_lossave,0.4666666666666667,8696284,406980,0.05,0.19652229620779504,0.6567292695068391,1.0,CV_LearningParams_Fit_alpha-beta-exp_Fix_lossave_
1,0,2,LearningParams_Fit_alpha-beta-exp_Fix_lossave,0.4444444444444444,8696284,406980,0.05,0.5705013543305836,0.4818701193881073,1.0,CV_LearningParams_Fit_alpha-beta-exp_Fix_lossave_
2,0,3,LearningParams_Fit_alpha-beta-exp_Fix_lossave,0.1111111111111111,8696284,406980,0.05,0.0,0.05,1.0,CV_LearningParams_Fit_alpha-beta-exp_Fix_lossave_
3,0,4,LearningParams_Fit_alpha-beta-exp_Fix_lossave,0.3555555555555556,8696284,406980,0.05,0.5003745990508326,0.4591986460309103,1.0,CV_LearningParams_Fit_alpha-beta-exp_Fix_lossave_
0,0,1,LearningParams_Fit_alpha-beta-exp_Fix_lossave,0.4444444444444444,7378879,100057,0.17970152612210205,0.3483853932216628,0.4335289460061212,1.0,CV_LearningParams_Fit_alpha-beta-exp_Fix_lossave_
1,0,2,LearningParams_Fit_alpha-beta-exp_Fix_lossave,0.26666666666666666,7378879,100057,0.2731856374484777,0.2583031844635283,0.28757649999702545,1.0,CV_LearningParams_Fit_alpha-beta-exp_Fix_lossave_
2,0,3,LearningParams_Fit_alpha-beta-exp_Fix_lossave,0.3111111111111111,7378879,100057,0.05760632283195025,0.3470368176385036,0.5417935174851414,1.0,CV_LearningParams_Fit_alpha-beta-exp_Fix_lossave_
3,0,4,LearningParams_Fit_alpha-beta-exp_Fix_lossave,0.8222222222222222,7378879,100057,0.345852216026006,0.10197978080527642,0.43777406439776334,1.0,CV_LearningParams_Fit_alpha-beta-exp_Fix_lossave_
0,0,1,LearningParams_Fit_alpha-beta-exp_Fix_lossave,0.37777777777777777,1377090,406989,0.05,0.0,0.05,1.0,CV_LearningParams_Fit_alpha-beta-exp_Fix_lossave_
1,0,2,LearningParams_Fit_alpha-beta-exp_Fix_lossave,0.5777777777777777,1377090,406989,1.536550572047065,0.08323819989681827,0.3937432598437776,1.0,CV_LearningParams_Fit_alpha-beta-exp_Fix_lossave_
2,0,3,LearningParams_Fit_alpha-beta-exp_Fix_lossave,0.4,1377090,406989,0.05,0.0,0.05,1.0,CV_LearningParams_Fit_alpha-beta-exp_Fix_lossave_
3,0,4,LearningParams_Fit_alpha-beta-exp_Fix_lossave,0.4,1377090,406989,0.05,0.0,0.05,1.0,CV_LearningParams_Fit_alpha-beta-exp_Fix_lossave_
0,0,1,LearningParams_Fit_alpha-beta-exp_Fix_lossave,0.2888888888888889,4492250,100104,0.5966431144734657,0.14624655895897146,0.22389875005230087,1.0,CV_LearningParams_Fit_alpha-beta-exp_Fix_lossave_
1,0,2,LearningParams_Fit_alpha-beta-exp_Fix_lossave,0.8,4492250,100104,0.07824461519196757,0.8436617499082939,0.16802943667116532,1.0,CV_LearningParams_Fit_alpha-beta-exp_Fix_lossave_
2,0,3,LearningParams_Fit_alpha-beta-exp_Fix_lossave,0.6444444444444445,4492250,100104,0.05,1.0877354951595417,0.2425464048652041,1.0,CV_LearningParams_Fit_alpha-beta-exp_Fix_lossave_
3,0,4,LearningParams_Fit_alpha-beta-exp_Fix_lossave,0.2888888888888889,4492250,100104,0.7554286427727918,0.15513124553025745,0.1878357537301288,1.0,CV_LearningParams_Fit_alpha-beta-exp_Fix_lossave_
0,0,1,LearningParams_Fit_alpha-beta-exp_Fix_lossave,0.5111111111111111,566717,100143,0.3870526926652319,0.5734114084570096,0.05,1.0,CV_LearningParams_Fit_alpha-beta-exp_Fix_lossave_
1,0,2,LearningParams_Fit_alpha-beta-exp_Fix_lossave,0.6222222222222222,566717,100143,0.1522477934710281,1.0521686822500105,0.05,1.0,CV_LearningParams_Fit_alpha-beta-exp_Fix_lossave_
2,0,3,LearningParams_Fit_alpha-beta-exp_Fix_lossave,0.37777777777777777,566717,100143,0.05,3.803138346980322,0.05,1.0,CV_LearningParams_Fit_alpha-beta-exp_Fix_lossave_
3,0,4,LearningParams_Fit_alpha-beta-exp_Fix_lossave,0.37777777777777777,566717,100143,0.05,1.5318119029087909,0.05,1.0,CV_LearningParams_Fit_alpha-beta-exp_Fix_lossave_
0,0,1,LearningParams_Fit_alpha-beta-exp_Fix_lossave,0.4444444444444444,316971,407260,2.0,0.03683010841986288,0.2518427188898434,1.0,CV_LearningParams_Fit_alpha-beta-exp_Fix_lossave_
1,0,2,LearningParams_Fit_alpha-beta-exp_Fix_lossave,0.4444444444444444,316971,407260,2.0,0.018090952535848182,0.6386126054788531,1.0,CV_LearningParams_Fit_alpha-beta-exp_Fix_lossave_
2,0,3,LearningParams_Fit_alpha-beta-exp_Fix_lossave,0.6,316971,407260,1.6595979979209468,0.07847782763438088,0.3246698053801411,1.0,CV_LearningParams_Fit_alpha-beta-exp_Fix_lossave_
3,0,4,LearningParams_Fit_alpha-beta-exp_Fix_lossave,0.6222222222222222,316971,407260,1.8661616050474577,0.028412062274016082,0.5626830852504257,1.0,CV_LearningParams_Fit_alpha-beta-exp_Fix_lossave_
0,0,1,LearningParams_Fit_alpha-beta-exp_Fix_lossave,0.4666666666666667,6805701,409874,0.9396627656006112,0.12876848925656784,0.32565040416058866,1.0,CV_LearningParams_Fit_alpha-beta-exp_Fix_lossave_
1,0,2,LearningParams_Fit_alpha-beta-exp_Fix_lossave,0.6,6805701,409874,0.05,1.6339299649689671,0.2611180491609241,1.0,CV_LearningParams_Fit_alpha-beta-exp_Fix_lossave_
2,0,3,LearningParams_Fit_alpha-beta-exp_Fix_lossave,0.4444444444444444,6805701,409874,0.7069006520820819,0.09278210597964523,0.1426620548335231,1.0,CV_LearningParams_Fit_alpha-beta-exp_Fix_lossave_
3,0,4,LearningParams_Fit_alpha-beta-exp_Fix_lossave,0.4444444444444444,6805701,409874,1.2991305930078023,0.09403496984245553,0.19433019128438125,1.0,CV_LearningParams_Fit_alpha-beta-exp_Fix_lossave_
0,0,1,LearningParams_Fit_alpha-beta-exp_Fix_lossave,0.5555555555555556,7546749,408662,0.09163555548572824,0.1797362146911401,0.8958746459090359,1.0,CV_LearningParams_Fit_alpha-beta-exp_Fix_lossave_
1,0,2,LearningParams_Fit_alpha-beta-exp_Fix_lossave,0.4222222222222222,7546749,408662,0.05,0.0,0.05,1.0,CV_LearningParams_Fit_alpha-beta-exp_Fix_lossave_
2,0,3,LearningParams_Fit_alpha-beta-exp_Fix_lossave,0.6,7546749,408662,0.05,1.1112616775123292,0.631622474172749,1.0,CV_LearningParams_Fit_alpha-beta-exp_Fix_lossave_
3,0,4,LearningParams_Fit_alpha-beta-exp_Fix_lossave,0.3555555555555556,7546749,408662,0.05,0.0,0.05,1.0,CV_LearningParams_Fit_alpha-beta-exp_Fix_lossave_
0,0,1,LearningParams_Fit_alpha-beta-exp_Fix_lossave,0.4222222222222222,9917142,200085,0.05,0.4724301023355034,0.3581751637224886,1.0,CV_LearningParams_Fit_alpha-beta-exp_Fix_lossave_
1,0,2,LearningParams_Fit_alpha-beta-exp_Fix_lossave,0.5111111111111111,9917142,200085,0.05,1.0817382996823162,0.1471735180682293,1.0,CV_LearningParams_Fit_alpha-beta-exp_Fix_lossave_
2,0,3,LearningParams_Fit_alpha-beta-exp_Fix_lossave,0.4,9917142,200085,0.05,0.9816304404446292,0.05,1.0,CV_LearningParams_Fit_alpha-beta-exp_Fix_lossave_
3,0,4,LearningParams_Fit_alpha-beta-exp_Fix_lossave,0.4444444444444444,9917142,200085,0.05,1.3486846274955528,0.1350996718215459,1.0,CV_LearningParams_Fit_alpha-beta-exp_Fix_lossave_
0,0,1,LearningParams_Fit_alpha-beta-exp_Fix_lossave,0.4444444444444444,1583690,100109,0.3546089008376139,0.3383163555616495,0.1570358382942947,1.0,CV_LearningParams_Fit_alpha-beta-exp_Fix_lossave_
1,0,2,LearningParams_Fit_alpha-beta-exp_Fix_lossave,0.6,1583690,100109,0.05,1.984533390022002,0.18129935447698545,1.0,CV_LearningParams_Fit_alpha-beta-exp_Fix_lossave_
2,0,3,LearningParams_Fit_alpha-beta-exp_Fix_lossave,0.4888888888888889,1583690,100109,0.059531356146083375,1.0569767993665369,0.05,1.0,CV_LearningParams_Fit_alpha-beta-exp_Fix_lossave_
3,0,4,LearningParams_Fit_alpha-beta-exp_Fix_lossave,0.5333333333333333,1583690,100109,1.022627177101811,0.22726136032948255,0.2831145571270053,1.0,CV_LearningParams_Fit_alpha-beta-exp_Fix_lossave_
0,0,1,LearningParams_Fit_alpha-beta-exp_Fix_lossave,0.4888888888888889,1524505,200164,0.05,2.2879798898976658,0.1670149638287849,1.0,CV_LearningParams_Fit_alpha-beta-exp_Fix_lossave_
1,0,2,LearningParams_Fit_alpha-beta-exp_Fix_lossave,0.6444444444444445,1524505,200164,0.05,2.4430999624104066,0.12712448431802478,1.0,CV_LearningParams_Fit_alpha-beta-exp_Fix_lossave_
2,0,3,LearningParams_Fit_alpha-beta-exp_Fix_lossave,0.4,1524505,200164,0.07096964950484662,1.8801540014557376,0.05,1.0,CV_LearningParams_Fit_alpha-beta-exp_Fix_lossave_
3,0,4,LearningParams_Fit_alpha-beta-exp_Fix_lossave,0.3111111111111111,1524505,200164,0.2299486053410065,0.6176191691721555,0.05,1.0,CV_LearningParams_Fit_alpha-beta-exp_Fix_lossave_
0,0,1,LearningParams_Fit_alpha-beta-exp_Fix_lossave,0.24444444444444444,9309024,311283,0.2789335987264294,0.16341934711362918,0.3804213726555397,1.0,CV_LearningParams_Fit_alpha-beta-exp_Fix_lossave_
1,0,2,LearningParams_Fit_alpha-beta-exp_Fix_lossave,0.3333333333333333,9309024,311283,0.7538625575161895,0.1369831047395251,0.30219233292311204,1.0,CV_LearningParams_Fit_alpha-beta-exp_Fix_lossave_
2,0,3,LearningParams_Fit_alpha-beta-exp_Fix_lossave,0.8,9309024,311283,0.05,0.6559716632060616,0.3146808315214184,1.0,CV_LearningParams_Fit_alpha-beta-exp_Fix_lossave_
3,0,4,LearningParams_Fit_alpha-beta-exp_Fix_lossave,0.3555555555555556,9309024,311283,0.05534226081084983,0.5431479318878489,0.4218662066893444,1.0,CV_LearningParams_Fit_alpha-beta-exp_Fix_lossave_
0,0,1,LearningParams_Fit_alpha-beta-exp_Fix_lossave,0.24444444444444444,6796298,311444,0.05,0.0,0.05,1.0,CV_LearningParams_Fit_alpha-beta-exp_Fix_lossave_
1,0,2,LearningParams_Fit_alpha-beta-exp_Fix_lossave,0.24444444444444444,6796298,311444,0.05,0.0,0.05,1.0,CV_LearningParams_Fit_alpha-beta-exp_Fix_lossave_
2,0,3,LearningParams_Fit_alpha-beta-exp_Fix_lossave,0.3555555555555556,6796298,311444,0.05,0.0,0.05,1.0,CV_LearningParams_Fit_alpha-beta-exp_Fix_lossave_
3,0,4,LearningParams_Fit_alpha-beta-exp_Fix_lossave,0.2,6796298,311444,0.05,0.0,0.05,1.0,CV_LearningParams_Fit_alpha-beta-exp_Fix_lossave_
0,0,1,LearningParams_Fit_alpha-beta-exp_Fix_lossave,0.4666666666666667,1337567,100191,0.05,0.0,0.05,1.0,CV_LearningParams_Fit_alpha-beta-exp_Fix_lossave_
1,0,2,LearningParams_Fit_alpha-beta-exp_Fix_lossave,0.6444444444444445,1337567,100191,0.05,0.2952836219717052,0.6884291651856611,1.0,CV_LearningParams_Fit_alpha-beta-exp_Fix_lossave_
2,0,3,LearningParams_Fit_alpha-beta-exp_Fix_lossave,0.4,1337567,100191,0.05,0.0,0.05,1.0,CV_LearningParams_Fit_alpha-beta-exp_Fix_lossave_
3,0,4,LearningParams_Fit_alpha-beta-exp_Fix_lossave,0.4,1337567,100191,0.05,0.0,0.05,1.0,CV_LearningParams_Fit_alpha-beta-exp_Fix_lossave_
0,0,1,LearningParams_Fit_alpha-beta-exp_Fix_lossave,0.2888888888888889,6617287,100068,0.5844248342379802,0.4440166077531823,0.13528629112445018,1.0,CV_LearningParams_Fit_alpha-beta-exp_Fix_lossave_
1,0,2,LearningParams_Fit_alpha-beta-exp_Fix_lossave,0.6444444444444445,6617287,100068,0.05,6.331606036008992,0.3124494147561658,1.0,CV_LearningParams_Fit_alpha-beta-exp_Fix_lossave_
2,0,3,LearningParams_Fit_alpha-beta-exp_Fix_lossave,0.3555555555555556,6617287,100068,0.6196146201689234,0.5391432308030136,0.07417419350349383,1.0,CV_LearningParams_Fit_alpha-beta-exp_Fix_lossave_
3,0,4,LearningParams_Fit_alpha-beta-exp_Fix_lossave,0.6444444444444445,6617287,100068,0.44965647277280013,0.4267471512033689,0.1461053308505045,1.0,CV_LearningParams_Fit_alpha-beta-exp_Fix_lossave_
0,0,1,LearningParams_Fit_alpha-beta-exp_Fix_lossave,0.26666666666666666,2642171,408511,0.4460043838887066,0.192840772542594,0.3343719813794001,1.0,CV_LearningParams_Fit_alpha-beta-exp_Fix_lossave_
1,0,2,LearningParams_Fit_alpha-beta-exp_Fix_lossave,0.5333333333333333,2642171,408511,0.05,0.8193475326412639,0.14787641421495282,1.0,CV_LearningParams_Fit_alpha-beta-exp_Fix_lossave_
2,0,3,LearningParams_Fit_alpha-beta-exp_Fix_lossave,0.5333333333333333,2642171,408511,0.05,0.844335173786971,0.34612448577402743,1.0,CV_LearningParams_Fit_alpha-beta-exp_Fix_lossave_
3,0,4,LearningParams_Fit_alpha-beta-exp_Fix_lossave,0.2888888888888889,2642171,408511,0.05,0.9703470675178499,0.2927283034292303,1.0,CV_LearningParams_Fit_alpha-beta-exp_Fix_lossave_
0,0,1,LearningParams_Fit_alpha-beta-exp_Fix_lossave,0.5333333333333333,6809392,100059,0.05,1.0987852093643131,0.08479671935131068,1.0,CV_LearningParams_Fit_alpha-beta-exp_Fix_lossave_
1,0,2,LearningParams_Fit_alpha-beta-exp_Fix_lossave,0.37777777777777777,6809392,100059,0.05,0.8007741809852716,0.22006294285684197,1.0,CV_LearningParams_Fit_alpha-beta-exp_Fix_lossave_
2,0,3,LearningParams_Fit_alpha-beta-exp_Fix_lossave,0.4888888888888889,6809392,100059,1.0512526493826528,0.11370816444776972,0.2258770376206794,1.0,CV_LearningParams_Fit_alpha-beta-exp_Fix_lossave_
3,0,4,LearningParams_Fit_alpha-beta-exp_Fix_lossave,0.37777777777777777,6809392,100059,0.05,1.94262713354077,0.10019429272620756,1.0,CV_LearningParams_Fit_alpha-beta-exp_Fix_lossave_
0,0,1,LearningParams_Fit_alpha-beta-exp_Fix_lossave,0.3333333333333333,7188376,200249,0.05,1.1511953883501311,0.5437645204487122,1.0,CV_LearningParams_Fit_alpha-beta-exp_Fix_lossave_
1,0,2,LearningParams_Fit_alpha-beta-exp_Fix_lossave,0.4888888888888889,7188376,200249,1.2598093520333802,0.10292695742473164,0.2982842028956042,1.0,CV_LearningParams_Fit_alpha-beta-exp_Fix_lossave_
2,0,3,LearningParams_Fit_alpha-beta-exp_Fix_lossave,0.26666666666666666,7188376,200249,0.05,0.0,0.05,1.0,CV_LearningParams_Fit_alpha-beta-exp_Fix_lossave_
3,0,4,LearningParams_Fit_alpha-beta-exp_Fix_lossave,0.5777777777777777,7188376,200249,0.05,0.3247691984877823,0.5441679172881683,1.0,CV_LearningParams_Fit_alpha-beta-exp_Fix_lossave_
0,0,1,LearningParams_Fit_alpha-beta-exp_Fix_lossave,0.3111111111111111,5898308,200156,0.05,0.0,0.05,1.0,CV_LearningParams_Fit_alpha-beta-exp_Fix_lossave_
1,0,2,LearningParams_Fit_alpha-beta-exp_Fix_lossave,0.37777777777777777,5898308,200156,0.05,0.0,0.05,1.0,CV_LearningParams_Fit_alpha-beta-exp_Fix_lossave_
2,0,3,LearningParams_Fit_alpha-beta-exp_Fix_lossave,0.06666666666666668,5898308,200156,0.05,0.3037523253094204,0.6150239637343505,1.0,CV_LearningParams_Fit_alpha-beta-exp_Fix_lossave_
3,0,4,LearningParams_Fit_alpha-beta-exp_Fix_lossave,0.2888888888888889,5898308,200156,0.05,0.0,0.05,1.0,CV_LearningParams_Fit_alpha-beta-exp_Fix_lossave_
0,0,1,LearningParams_Fit_alpha-beta-exp_Fix_lossave,0.2,4187890,100129,0.05,0.0,0.05,1.0,CV_LearningParams_Fit_alpha-beta-exp_Fix_lossave_
1,0,2,LearningParams_Fit_alpha-beta-exp_Fix_lossave,0.3111111111111111,4187890,100129,1.1964804622562302,0.07802271399903399,0.30807866622173385,1.0,CV_LearningParams_Fit_alpha-beta-exp_Fix_lossave_
2,0,3,LearningParams_Fit_alpha-beta-exp_Fix_lossave,0.4,4187890,100129,0.10280680461050283,0.09973929848777656,0.6890948547172648,1.0,CV_LearningParams_Fit_alpha-beta-exp_Fix_lossave_
3,0,4,LearningParams_Fit_alpha-beta-exp_Fix_lossave,0.4666666666666667,4187890,100129,0.05,0.6879486586072113,0.5162118956403984,1.0,CV_LearningParams_Fit_alpha-beta-exp_Fix_lossave_
0,0,1,LearningParams_Fit_alpha-beta-exp_Fix_lossave,0.8,4487485,406925,0.05,1.9495412974122408,0.6830186256191395,1.0,CV_LearningParams_Fit_alpha-beta-exp_Fix_lossave_
1,0,2,LearningParams_Fit_alpha-beta-exp_Fix_lossave,0.5111111111111111,4487485,406925,0.05,0.1379955540012783,1.2889288429410506,1.0,CV_LearningParams_Fit_alpha-beta-exp_Fix_lossave_
2,0,3,LearningParams_Fit_alpha-beta-exp_Fix_lossave,0.4888888888888889,4487485,406925,0.05,0.15400819761328588,0.9867674365331714,1.0,CV_LearningParams_Fit_alpha-beta-exp_Fix_lossave_
3,0,4,LearningParams_Fit_alpha-beta-exp_Fix_lossave,0.6888888888888889,4487485,406925,0.05,2.557842426633799,0.6181894559278507,1.0,CV_LearningParams_Fit_alpha-beta-exp_Fix_lossave_
0,0,1,LearningParams_Fit_alpha-beta-exp_Fix_lossave,0.6222222222222222,2849323,100180,0.05,0.07649932627678631,0.05,1.0,CV_LearningParams_Fit_alpha-beta-exp_Fix_lossave_
1,0,2,LearningParams_Fit_alpha-beta-exp_Fix_lossave,0.0,2849323,100180,0.05,0.0,0.05,1.0,CV_LearningParams_Fit_alpha-beta-exp_Fix_lossave_
2,0,3,LearningParams_Fit_alpha-beta-exp_Fix_lossave,0.26666666666666666,2849323,100180,0.05,0.2657698910697601,0.3905533637435522,1.0,CV_LearningParams_Fit_alpha-beta-exp_Fix_lossave_
3,0,4,LearningParams_Fit_alpha-beta-exp_Fix_lossave,0.3333333333333333,2849323,100180,0.05,0.6348188587836276,0.3402650729481159,1.0,CV_LearningParams_Fit_alpha-beta-exp_Fix_lossave_
0,0,1,LearningParams_Fit_alpha-beta-exp_Fix_lossave,0.3333333333333333,3119886,100103,0.05,0.0,0.05,1.0,CV_LearningParams_Fit_alpha-beta-exp_Fix_lossave_
1,0,2,LearningParams_Fit_alpha-beta-exp_Fix_lossave,0.4222222222222222,3119886,100103,0.21927143162210047,0.06130023625562429,0.908002964346029,1.0,CV_LearningParams_Fit_alpha-beta-exp_Fix_lossave_
2,0,3,LearningParams_Fit_alpha-beta-exp_Fix_lossave,0.4888888888888889,3119886,100103,0.05,0.0,0.05,1.0,CV_LearningParams_Fit_alpha-beta-exp_Fix_lossave_
3,0,4,LearningParams_Fit_alpha-beta-exp_Fix_lossave,0.5333333333333333,3119886,100103,0.14237897937432684,0.07072751150246645,0.974338236371866,1.0,CV_LearningParams_Fit_alpha-beta-exp_Fix_lossave_
0,0,1,LearningParams_Fit_alpha-beta-exp_Fix_lossave,0.6444444444444445,742976,200173,0.05,0.7138797773038005,0.7896745785749838,1.0,CV_LearningParams_Fit_alpha-beta-exp_Fix_lossave_
1,0,2,LearningParams_Fit_alpha-beta-exp_Fix_lossave,0.5333333333333333,742976,200173,0.05,0.11859282651748122,1.207473258993412,1.0,CV_LearningParams_Fit_alpha-beta-exp_Fix_lossave_
2,0,3,LearningParams_Fit_alpha-beta-exp_Fix_lossave,0.4888888888888889,742976,200173,0.05,0.0,0.05,1.0,CV_LearningParams_Fit_alpha-beta-exp_Fix_lossave_
3,0,4,LearningParams_Fit_alpha-beta-exp_Fix_lossave,0.5777777777777777,742976,200173,0.05,0.2994262029315532,0.9420450738521025,1.0,CV_LearningParams_Fit_alpha-beta-exp_Fix_lossave_
0,0,1,LearningParams_Fit_alpha-beta-exp_Fix_lossave,0.5333333333333333,6924895,311047,0.05,0.993414916247938,0.5796565837809468,1.0,CV_LearningParams_Fit_alpha-beta-exp_Fix_lossave_
1,0,2,LearningParams_Fit_alpha-beta-exp_Fix_lossave,0.37777777777777777,6924895,311047,1.8647098884676303,0.1149652743098118,0.3431403846357163,1.0,CV_LearningParams_Fit_alpha-beta-exp_Fix_lossave_
2,0,3,LearningParams_Fit_alpha-beta-exp_Fix_lossave,0.4222222222222222,6924895,311047,0.05,3.9364538725950915,0.3801092286932956,1.0,CV_LearningParams_Fit_alpha-beta-exp_Fix_lossave_
3,0,4,LearningParams_Fit_alpha-beta-exp_Fix_lossave,0.6444444444444445,6924895,311047,1.107459180943688,0.12686838782532184,0.4021799345699877,1.0,CV_LearningParams_Fit_alpha-beta-exp_Fix_lossave_
0,0,1,LearningParams_Fit_alpha-beta-exp_Fix_lossave,0.4444444444444444,1808224,306065,1.2615242234056936,0.1580260374065659,0.37989911664827214,1.0,CV_LearningParams_Fit_alpha-beta-exp_Fix_lossave_
1,0,2,LearningParams_Fit_alpha-beta-exp_Fix_lossave,0.5555555555555556,1808224,306065,0.05,2.71246499067919,0.4707129696974357,1.0,CV_LearningParams_Fit_alpha-beta-exp_Fix_lossave_
2,0,3,LearningParams_Fit_alpha-beta-exp_Fix_lossave,0.4666666666666667,1808224,306065,1.8063808225391027,0.11649536478283112,0.3132484496160594,1.0,CV_LearningParams_Fit_alpha-beta-exp_Fix_lossave_
3,0,4,LearningParams_Fit_alpha-beta-exp_Fix_lossave,0.3111111111111111,1808224,306065,1.6603372131024008,0.22647546414774314,0.2747929773545805,1.0,CV_LearningParams_Fit_alpha-beta-exp_Fix_lossave_
0,0,1,LearningParams_Fit_alpha-beta-exp_Fix_lossave,0.6444444444444445,1561584,100250,0.05,1.0214874123937183,0.15047553711829406,1.0,CV_LearningParams_Fit_alpha-beta-exp_Fix_lossave_
1,0,2,LearningParams_Fit_alpha-beta-exp_Fix_lossave,0.26666666666666666,1561584,100250,0.19722305084251,0.2727871713745202,0.05,1.0,CV_LearningParams_Fit_alpha-beta-exp_Fix_lossave_
2,0,3,LearningParams_Fit_alpha-beta-exp_Fix_lossave,0.5777777777777777,1561584,100250,2.0,0.041899179600247125,0.05,1.0,CV_LearningParams_Fit_alpha-beta-exp_Fix_lossave_
3,0,4,LearningParams_Fit_alpha-beta-exp_Fix_lossave,0.5555555555555556,1561584,100250,0.1258790196802088,0.44610491946659975,0.05,1.0,CV_LearningParams_Fit_alpha-beta-exp_Fix_lossave_
0,0,1,LearningParams_Fit_alpha-beta-exp_Fix_lossave,0.6444444444444445,315099,100009,0.5946336648276527,0.16144067916656565,0.05,1.0,CV_LearningParams_Fit_alpha-beta-exp_Fix_lossave_
1,0,2,LearningParams_Fit_alpha-beta-exp_Fix_lossave,0.3555555555555556,315099,100009,0.38373921348613615,0.16769096067759062,0.12735173592996524,1.0,CV_LearningParams_Fit_alpha-beta-exp_Fix_lossave_
2,0,3,LearningParams_Fit_alpha-beta-exp_Fix_lossave,0.4222222222222222,315099,100009,0.7256393085636696,0.2064831455061684,0.05,1.0,CV_LearningParams_Fit_alpha-beta-exp_Fix_lossave_
3,0,4,LearningParams_Fit_alpha-beta-exp_Fix_lossave,0.4666666666666667,315099,100009,0.7033496860892327,0.1233775576232608,0.05,1.0,CV_LearningParams_Fit_alpha-beta-exp_Fix_lossave_
0,0,1,LearningParams_Fit_alpha-beta-exp_Fix_lossave,0.6,2943450,406620,0.05,0.27817169134884506,0.8707481024129884,1.0,CV_LearningParams_Fit_alpha-beta-exp_Fix_lossave_
1,0,2,LearningParams_Fit_alpha-beta-exp_Fix_lossave,0.4444444444444444,2943450,406620,0.05,0.4410518241188631,0.8083139374896822,1.0,CV_LearningParams_Fit_alpha-beta-exp_Fix_lossave_
2,0,3,LearningParams_Fit_alpha-beta-exp_Fix_lossave,0.17777777777777778,2943450,406620,0.05,0.13610607850366774,1.140655766530805,1.0,CV_LearningParams_Fit_alpha-beta-exp_Fix_lossave_
3,0,4,LearningParams_Fit_alpha-beta-exp_Fix_lossave,0.4,2943450,406620,0.05,0.0,0.05,1.0,CV_LearningParams_Fit_alpha-beta-exp_Fix_lossave_
0,0,1,LearningParams_Fit_alpha-beta-exp_Fix_lossave,0.8888888888888888,8461151,100244,0.05,2.163019994884892,0.05,1.0,CV_LearningParams_Fit_alpha-beta-exp_Fix_lossave_
1,0,2,LearningParams_Fit_alpha-beta-exp_Fix_lossave,0.8666666666666667,8461151,100244,0.05,2.53020075661346,0.05,1.0,CV_LearningParams_Fit_alpha-beta-exp_Fix_lossave_
2,0,3,LearningParams_Fit_alpha-beta-exp_Fix_lossave,0.2222222222222222,8461151,100244,1.7036053636837747,0.6715823056979581,0.05,1.0,CV_LearningParams_Fit_alpha-beta-exp_Fix_lossave_
3,0,4,LearningParams_Fit_alpha-beta-exp_Fix_lossave,0.6,8461151,100244,1.2769581950220394,0.8856543080491488,0.051990481000772984,1.0,CV_LearningParams_Fit_alpha-beta-exp_Fix_lossave_
0,0,1,LearningParams_Fit_alpha-beta-exp_Fix_lossave,0.2888888888888889,9410495,400285,0.05,1.6607324970216837,0.5064873758874447,1.0,CV_LearningParams_Fit_alpha-beta-exp_Fix_lossave_
1,0,2,LearningParams_Fit_alpha-beta-exp_Fix_lossave,0.37777777777777777,9410495,400285,0.05,0.0,0.05,1.0,CV_LearningParams_Fit_alpha-beta-exp_Fix_lossave_
2,0,3,LearningParams_Fit_alpha-beta-exp_Fix_lossave,0.4888888888888889,9410495,400285,0.05,0.4782173708110096,0.5388108206572141,1.0,CV_LearningParams_Fit_alpha-beta-exp_Fix_lossave_
3,0,4,LearningParams_Fit_alpha-beta-exp_Fix_lossave,0.5555555555555556,9410495,400285,0.9886908734601569,0.10229836624313672,0.413872518822009,1.0,CV_LearningParams_Fit_alpha-beta-exp_Fix_lossave_
0,0,1,LearningParams_Fit_alpha-beta-exp_Fix_lossave,0.4444444444444444,6827186,100105,0.14699060135422196,1.0351353956441676,0.05,1.0,CV_LearningParams_Fit_alpha-beta-exp_Fix_lossave_
1,0,2,LearningParams_Fit_alpha-beta-exp_Fix_lossave,0.4444444444444444,6827186,100105,0.3263673814617587,0.4697758955930357,0.14501433840845207,1.0,CV_LearningParams_Fit_alpha-beta-exp_Fix_lossave_
2,0,3,LearningParams_Fit_alpha-beta-exp_Fix_lossave,0.37777777777777777,6827186,100105,0.05,2.4277941501538405,0.227983350426038,1.0,CV_LearningParams_Fit_alpha-beta-exp_Fix_lossave_
3,0,4,LearningParams_Fit_alpha-beta-exp_Fix_lossave,0.5333333333333333,6827186,100105,0.05,4.510335424348501,0.18740626953859785,1.0,CV_LearningParams_Fit_alpha-beta-exp_Fix_lossave_
0,0,1,LearningParams_Fit_alpha-beta-exp_Fix_lossave,0.4666666666666667,6526460,100207,0.05,1.8324749912562264,0.3082361002605523,1.0,CV_LearningParams_Fit_alpha-beta-exp_Fix_lossave_
1,0,2,LearningParams_Fit_alpha-beta-exp_Fix_lossave,0.4444444444444444,6526460,100207,0.05,2.490616244879916,0.3057290364855589,1.0,CV_LearningParams_Fit_alpha-beta-exp_Fix_lossave_
2,0,3,LearningParams_Fit_alpha-beta-exp_Fix_lossave,0.3111111111111111,6526460,100207,0.05,1.5731884064925683,0.30393944024910835,1.0,CV_LearningParams_Fit_alpha-beta-exp_Fix_lossave_
3,0,4,LearningParams_Fit_alpha-beta-exp_Fix_lossave,0.5111111111111111,6526460,100207,0.457318949042946,0.15899049617146435,0.3158334253896777,1.0,CV_LearningParams_Fit_alpha-beta-exp_Fix_lossave_
0,0,1,LearningParams_Fit_alpha-beta-exp_Fix_lossave,0.5111111111111111,7456518,407672,0.05,0.1451471959821571,1.1253317397385072,1.0,CV_LearningParams_Fit_alpha-beta-exp_Fix_lossave_
1,0,2,LearningParams_Fit_alpha-beta-exp_Fix_lossave,0.4888888888888889,7456518,407672,0.05,0.0,0.05,1.0,CV_LearningParams_Fit_alpha-beta-exp_Fix_lossave_
2,0,3,LearningParams_Fit_alpha-beta-exp_Fix_lossave,0.7333333333333333,7456518,407672,0.05,0.4732157885364557,1.0649904139212472,1.0,CV_LearningParams_Fit_alpha-beta-exp_Fix_lossave_
3,0,4,LearningParams_Fit_alpha-beta-exp_Fix_lossave,0.6444444444444445,7456518,407672,0.05,0.4721615450852561,1.0786211445451457,1.0,CV_LearningParams_Fit_alpha-beta-exp_Fix_lossave_
0,0,1,LearningParams_Fit_alpha-beta-exp_Fix_lossave,0.3111111111111111,9374804,100128,0.05,0.0,0.05,1.0,CV_LearningParams_Fit_alpha-beta-exp_Fix_lossave_
1,0,2,LearningParams_Fit_alpha-beta-exp_Fix_lossave,0.7333333333333333,9374804,100128,0.10271582041028844,0.04015867645431615,0.998321617963967,1.0,CV_LearningParams_Fit_alpha-beta-exp_Fix_lossave_
2,0,3,LearningParams_Fit_alpha-beta-exp_Fix_lossave,0.2888888888888889,9374804,100128,0.05,0.13382531533765535,0.8877002741085246,1.0,CV_LearningParams_Fit_alpha-beta-exp_Fix_lossave_
3,0,4,LearningParams_Fit_alpha-beta-exp_Fix_lossave,0.3333333333333333,9374804,100128,0.05,0.0,0.05,1.0,CV_LearningParams_Fit_alpha-beta-exp_Fix_lossave_
0,0,1,LearningParams_Fit_alpha-beta-exp_Fix_lossave,0.5111111111111111,3632607,100062,0.05,0.25515459888695363,0.8354864726254798,1.0,CV_LearningParams_Fit_alpha-beta-exp_Fix_lossave_
1,0,2,LearningParams_Fit_alpha-beta-exp_Fix_lossave,0.4666666666666667,3632607,100062,0.05,0.0,0.05,1.0,CV_LearningParams_Fit_alpha-beta-exp_Fix_lossave_
2,0,3,LearningParams_Fit_alpha-beta-exp_Fix_lossave,0.5777777777777777,3632607,100062,0.05,0.5645989993878174,0.7151122153489141,1.0,CV_LearningParams_Fit_alpha-beta-exp_Fix_lossave_
3,0,4,LearningParams_Fit_alpha-beta-exp_Fix_lossave,0.6888888888888889,3632607,100062,0.05,2.2010769918652393,0.5271923280487366,1.0,CV_LearningParams_Fit_alpha-beta-exp_Fix_lossave_
0,0,1,LearningParams_Fit_alpha-beta-exp_Fix_lossave,0.4888888888888889,7148246,408394,0.05,0.6127064658527865,0.6529087808714867,1.0,CV_LearningParams_Fit_alpha-beta-exp_Fix_lossave_
1,0,2,LearningParams_Fit_alpha-beta-exp_Fix_lossave,0.4222222222222222,7148246,408394,0.05,0.0,0.05,1.0,CV_LearningParams_Fit_alpha-beta-exp_Fix_lossave_
2,0,3,LearningParams_Fit_alpha-beta-exp_Fix_lossave,0.8222222222222222,7148246,408394,0.15357313214201926,0.10451421009578384,0.7845189262607281,1.0,CV_LearningParams_Fit_alpha-beta-exp_Fix_lossave_
3,0,4,LearningParams_Fit_alpha-beta-exp_Fix_lossave,0.5333333333333333,7148246,408394,0.05,0.13179247536019073,1.2141485956114633,1.0,CV_LearningParams_Fit_alpha-beta-exp_Fix_lossave_
0,0,1,LearningParams_Fit_alpha-beta-exp_Fix_lossave,0.4888888888888889,2757001,402997,0.05,0.0,0.05,1.0,CV_LearningParams_Fit_alpha-beta-exp_Fix_lossave_
1,0,2,LearningParams_Fit_alpha-beta-exp_Fix_lossave,0.7111111111111111,2757001,402997,0.8627104869210785,0.17906061302379314,0.489397613809657,1.0,CV_LearningParams_Fit_alpha-beta-exp_Fix_lossave_
2,0,3,LearningParams_Fit_alpha-beta-exp_Fix_lossave,0.8888888888888888,2757001,402997,0.05,4.100766821761732,0.5827942175056732,1.0,CV_LearningParams_Fit_alpha-beta-exp_Fix_lossave_
3,0,4,LearningParams_Fit_alpha-beta-exp_Fix_lossave,0.6,2757001,402997,0.05,0.0,0.05,1.0,CV_LearningParams_Fit_alpha-beta-exp_Fix_lossave_
