,Unnamed: 0,fold,model_name,pred_acc,seed,sub_id,xopt_alpha,xopt_beta,xopt_exp_neg,xopt_exp_pos,xopt_lossave,model
0,0,1,LearningParams_Fit_alpha-beta-exp_neg-exp_pos_Fix_lossave,0.6222222222222222,2796163,100214,0.05,0.02087997956577656,0.6210896483914949,1.1728083415075594,1.0,CV_LearningParams_Fit_alpha-beta-exp_neg-exp_pos_Fix_lossave_
1,0,2,LearningParams_Fit_alpha-beta-exp_neg-exp_pos_Fix_lossave,0.26666666666666666,2796163,100214,0.05,0.1082603129994518,0.7759956273308418,0.8836286948763109,1.0,CV_LearningParams_Fit_alpha-beta-exp_neg-exp_pos_Fix_lossave_
2,0,3,LearningParams_Fit_alpha-beta-exp_neg-exp_pos_Fix_lossave,0.5333333333333333,2796163,100214,0.07129263098250639,0.046071704956865016,0.6315217497839105,0.922545997255948,1.0,CV_LearningParams_Fit_alpha-beta-exp_neg-exp_pos_Fix_lossave_
3,0,4,LearningParams_Fit_alpha-beta-exp_neg-exp_pos_Fix_lossave,0.6,2796163,100214,0.05,0.06982919893580182,0.7212913157260209,0.940498119413387,1.0,CV_LearningParams_Fit_alpha-beta-exp_neg-exp_pos_Fix_lossave_
0,0,1,LearningParams_Fit_alpha-beta-exp_neg-exp_pos_Fix_lossave,0.6666666666666666,2236517,200025,0.05,0.19524983541435187,0.9028258446849912,1.242381667724201,1.0,CV_LearningParams_Fit_alpha-beta-exp_neg-exp_pos_Fix_lossave_
1,0,2,LearningParams_Fit_alpha-beta-exp_neg-exp_pos_Fix_lossave,0.4888888888888889,2236517,200025,0.05,2.0209482018669207,0.5820896993584452,0.5819253794517121,1.0,CV_LearningParams_Fit_alpha-beta-exp_neg-exp_pos_Fix_lossave_
2,0,3,LearningParams_Fit_alpha-beta-exp_neg-exp_pos_Fix_lossave,0.6,2236517,200025,0.05,0.32253310412950764,1.1075118650540186,0.90808488093608,1.0,CV_LearningParams_Fit_alpha-beta-exp_neg-exp_pos_Fix_lossave_
3,0,4,LearningParams_Fit_alpha-beta-exp_neg-exp_pos_Fix_lossave,0.7333333333333333,2236517,200025,0.05,2.7721203467049405,0.5747211927593616,0.5709016786603693,1.0,CV_LearningParams_Fit_alpha-beta-exp_neg-exp_pos_Fix_lossave_
0,0,1,LearningParams_Fit_alpha-beta-exp_neg-exp_pos_Fix_lossave,0.6888888888888889,7375051,407260,1.5753084795976642,0.18959507983083934,0.37806455574611175,0.26443729323108456,1.0,CV_LearningParams_Fit_alpha-beta-exp_neg-exp_pos_Fix_lossave_
1,0,2,LearningParams_Fit_alpha-beta-exp_neg-exp_pos_Fix_lossave,0.37777777777777777,7375051,407260,0.477157530200288,0.16638757731374704,0.6363761524134104,0.28629277875603504,1.0,CV_LearningParams_Fit_alpha-beta-exp_neg-exp_pos_Fix_lossave_
2,0,3,LearningParams_Fit_alpha-beta-exp_neg-exp_pos_Fix_lossave,0.24444444444444444,7375051,407260,0.05,1.817790666164724,0.5202745360724037,0.2533398767747113,1.0,CV_LearningParams_Fit_alpha-beta-exp_neg-exp_pos_Fix_lossave_
3,0,4,LearningParams_Fit_alpha-beta-exp_neg-exp_pos_Fix_lossave,0.8444444444444444,7375051,407260,0.4787114295953017,0.2855972780710829,0.4401893817724748,0.3405131101822685,1.0,CV_LearningParams_Fit_alpha-beta-exp_neg-exp_pos_Fix_lossave_
0,0,1,LearningParams_Fit_alpha-beta-exp_neg-exp_pos_Fix_lossave,0.8,6213539,100051,2.0,0.012533265103835551,0.05,0.664574051697475,1.0,CV_LearningParams_Fit_alpha-beta-exp_neg-exp_pos_Fix_lossave_
1,0,2,LearningParams_Fit_alpha-beta-exp_neg-exp_pos_Fix_lossave,0.6888888888888889,6213539,100051,0.05,0.4267819816327418,0.05,0.5063887724495859,1.0,CV_LearningParams_Fit_alpha-beta-exp_neg-exp_pos_Fix_lossave_
2,0,3,LearningParams_Fit_alpha-beta-exp_neg-exp_pos_Fix_lossave,0.6,6213539,100051,2.0,0.00998235798785843,0.4466627886276048,0.7097326921179762,1.0,CV_LearningParams_Fit_alpha-beta-exp_neg-exp_pos_Fix_lossave_
3,0,4,LearningParams_Fit_alpha-beta-exp_neg-exp_pos_Fix_lossave,0.5777777777777777,6213539,100051,0.12475249923847745,0.0013859433914432664,1.1382301855567272,2.0,1.0,CV_LearningParams_Fit_alpha-beta-exp_neg-exp_pos_Fix_lossave_
0,0,1,LearningParams_Fit_alpha-beta-exp_neg-exp_pos_Fix_lossave,0.4222222222222222,9024911,200211,0.4474986282788127,0.31074119364318153,0.05,0.07214209904177894,1.0,CV_LearningParams_Fit_alpha-beta-exp_neg-exp_pos_Fix_lossave_
1,0,2,LearningParams_Fit_alpha-beta-exp_neg-exp_pos_Fix_lossave,0.6888888888888889,9024911,200211,0.2729378965608323,0.3365298060156027,0.05,0.2105708519983196,1.0,CV_LearningParams_Fit_alpha-beta-exp_neg-exp_pos_Fix_lossave_
2,0,3,LearningParams_Fit_alpha-beta-exp_neg-exp_pos_Fix_lossave,0.4666666666666667,9024911,200211,0.3494489962686749,0.43708666633810334,0.05,0.12631411045561478,1.0,CV_LearningParams_Fit_alpha-beta-exp_neg-exp_pos_Fix_lossave_
3,0,4,LearningParams_Fit_alpha-beta-exp_neg-exp_pos_Fix_lossave,0.4,9024911,200211,0.4250211151354398,0.348224901127471,0.10053943874846136,0.08426408104895351,1.0,CV_LearningParams_Fit_alpha-beta-exp_neg-exp_pos_Fix_lossave_
0,0,1,LearningParams_Fit_alpha-beta-exp_neg-exp_pos_Fix_lossave,0.8222222222222222,3657407,405027,0.05,0.3645067521811084,0.30554804255683704,0.6833234680626797,1.0,CV_LearningParams_Fit_alpha-beta-exp_neg-exp_pos_Fix_lossave_
1,0,2,LearningParams_Fit_alpha-beta-exp_neg-exp_pos_Fix_lossave,0.5777777777777777,3657407,405027,0.05,0.0436686812704035,0.7404256908099158,1.1774157807511854,1.0,CV_LearningParams_Fit_alpha-beta-exp_neg-exp_pos_Fix_lossave_
2,0,3,LearningParams_Fit_alpha-beta-exp_neg-exp_pos_Fix_lossave,0.6222222222222222,3657407,405027,0.05,0.7493222953636428,0.3133228629348126,0.5373823363857942,1.0,CV_LearningParams_Fit_alpha-beta-exp_neg-exp_pos_Fix_lossave_
3,0,4,LearningParams_Fit_alpha-beta-exp_neg-exp_pos_Fix_lossave,0.4,3657407,405027,0.05,1.6731706643080702,0.3967399137471298,0.4795928298847586,1.0,CV_LearningParams_Fit_alpha-beta-exp_neg-exp_pos_Fix_lossave_
0,0,1,LearningParams_Fit_alpha-beta-exp_neg-exp_pos_Fix_lossave,0.6,6687479,100188,0.05,0.7267295891273698,0.05,0.4566741539376302,1.0,CV_LearningParams_Fit_alpha-beta-exp_neg-exp_pos_Fix_lossave_
1,0,2,LearningParams_Fit_alpha-beta-exp_neg-exp_pos_Fix_lossave,0.6444444444444445,6687479,100188,1.531886747423555,0.022431200669844838,0.05,0.6487813772402516,1.0,CV_LearningParams_Fit_alpha-beta-exp_neg-exp_pos_Fix_lossave_
2,0,3,LearningParams_Fit_alpha-beta-exp_neg-exp_pos_Fix_lossave,0.4888888888888889,6687479,100188,0.05,2.042033616891222,0.05,0.3696865385419331,1.0,CV_LearningParams_Fit_alpha-beta-exp_neg-exp_pos_Fix_lossave_
3,0,4,LearningParams_Fit_alpha-beta-exp_neg-exp_pos_Fix_lossave,0.6,6687479,100188,0.05,1.276940262975551,0.05,0.4549794050745841,1.0,CV_LearningParams_Fit_alpha-beta-exp_neg-exp_pos_Fix_lossave_
0,0,1,LearningParams_Fit_alpha-beta-exp_neg-exp_pos_Fix_lossave,0.4666666666666667,4497002,200148,0.13397548530475326,0.05199925259599941,0.8019556509665947,1.0918525983856768,1.0,CV_LearningParams_Fit_alpha-beta-exp_neg-exp_pos_Fix_lossave_
1,0,2,LearningParams_Fit_alpha-beta-exp_neg-exp_pos_Fix_lossave,0.5333333333333333,4497002,200148,2.0,0.036962070521486375,0.3294890047876019,0.6677950938105516,1.0,CV_LearningParams_Fit_alpha-beta-exp_neg-exp_pos_Fix_lossave_
2,0,3,LearningParams_Fit_alpha-beta-exp_neg-exp_pos_Fix_lossave,0.5111111111111111,4497002,200148,0.05,0.0715160553209915,1.037899819721012,1.5596020079399868,1.0,CV_LearningParams_Fit_alpha-beta-exp_neg-exp_pos_Fix_lossave_
3,0,4,LearningParams_Fit_alpha-beta-exp_neg-exp_pos_Fix_lossave,0.5333333333333333,4497002,200148,1.4929803658442948,0.036511350998295874,0.4453957133563645,0.7332705884173449,1.0,CV_LearningParams_Fit_alpha-beta-exp_neg-exp_pos_Fix_lossave_
0,0,1,LearningParams_Fit_alpha-beta-exp_neg-exp_pos_Fix_lossave,0.8222222222222222,7007525,409850,0.05,3.5293220140874935,0.5943124492092406,1.0567302583362843,1.0,CV_LearningParams_Fit_alpha-beta-exp_neg-exp_pos_Fix_lossave_
1,0,2,LearningParams_Fit_alpha-beta-exp_neg-exp_pos_Fix_lossave,0.8222222222222222,7007525,409850,0.05,1.368633541284445,0.6791205361080126,1.1852117663088533,1.0,CV_LearningParams_Fit_alpha-beta-exp_neg-exp_pos_Fix_lossave_
2,0,3,LearningParams_Fit_alpha-beta-exp_neg-exp_pos_Fix_lossave,0.3555555555555556,7007525,409850,0.05,0.09002070899774088,1.3242819089353877,1.492561598627893,1.0,CV_LearningParams_Fit_alpha-beta-exp_neg-exp_pos_Fix_lossave_
3,0,4,LearningParams_Fit_alpha-beta-exp_neg-exp_pos_Fix_lossave,0.6666666666666666,7007525,409850,0.05,0.43989490261868,0.8492972576350971,0.9092595680085132,1.0,CV_LearningParams_Fit_alpha-beta-exp_neg-exp_pos_Fix_lossave_
0,0,1,LearningParams_Fit_alpha-beta-exp_neg-exp_pos_Fix_lossave,0.3111111111111111,6874151,409874,0.05,1.4406957031499217,0.4783964430453169,0.36511800801118666,1.0,CV_LearningParams_Fit_alpha-beta-exp_neg-exp_pos_Fix_lossave_
1,0,2,LearningParams_Fit_alpha-beta-exp_neg-exp_pos_Fix_lossave,0.7333333333333333,6874151,409874,0.8911415635925362,0.18284957000311985,0.07458475689805942,0.11900111157774465,1.0,CV_LearningParams_Fit_alpha-beta-exp_neg-exp_pos_Fix_lossave_
2,0,3,LearningParams_Fit_alpha-beta-exp_neg-exp_pos_Fix_lossave,0.4444444444444444,6874151,409874,0.9068628790537556,0.1519944995198136,0.11997526874287888,0.1022418545056033,1.0,CV_LearningParams_Fit_alpha-beta-exp_neg-exp_pos_Fix_lossave_
3,0,4,LearningParams_Fit_alpha-beta-exp_neg-exp_pos_Fix_lossave,0.6,6874151,409874,1.5856260447029382,0.10440917679231396,0.1629887697555915,0.22343405411356507,1.0,CV_LearningParams_Fit_alpha-beta-exp_neg-exp_pos_Fix_lossave_
0,0,1,LearningParams_Fit_alpha-beta-exp_neg-exp_pos_Fix_lossave,0.2222222222222222,5023095,100207,0.05,2.379608144952072,0.2459414195237409,0.24995677878176584,1.0,CV_LearningParams_Fit_alpha-beta-exp_neg-exp_pos_Fix_lossave_
1,0,2,LearningParams_Fit_alpha-beta-exp_neg-exp_pos_Fix_lossave,0.5333333333333333,5023095,100207,0.05,0.9346980128175828,0.3686967790132199,0.435393927685782,1.0,CV_LearningParams_Fit_alpha-beta-exp_neg-exp_pos_Fix_lossave_
2,0,3,LearningParams_Fit_alpha-beta-exp_neg-exp_pos_Fix_lossave,0.7777777777777778,5023095,100207,0.05,1.704991857337122,0.21825293235871185,0.412780744535586,1.0,CV_LearningParams_Fit_alpha-beta-exp_neg-exp_pos_Fix_lossave_
3,0,4,LearningParams_Fit_alpha-beta-exp_neg-exp_pos_Fix_lossave,0.5333333333333333,5023095,100207,0.05,1.6708873949258252,0.27600361906876114,0.3976487666206127,1.0,CV_LearningParams_Fit_alpha-beta-exp_neg-exp_pos_Fix_lossave_
0,0,1,LearningParams_Fit_alpha-beta-exp_neg-exp_pos_Fix_lossave,0.2888888888888889,2176857,406989,2.0,0.07855698263807206,0.4057403950751597,0.26604747580289506,1.0,CV_LearningParams_Fit_alpha-beta-exp_neg-exp_pos_Fix_lossave_
1,0,2,LearningParams_Fit_alpha-beta-exp_neg-exp_pos_Fix_lossave,0.37777777777777777,2176857,406989,0.7615603307054155,0.0351278626769921,0.5869461845429427,0.6207353338332279,1.0,CV_LearningParams_Fit_alpha-beta-exp_neg-exp_pos_Fix_lossave_
2,0,3,LearningParams_Fit_alpha-beta-exp_neg-exp_pos_Fix_lossave,0.6222222222222222,2176857,406989,0.4457969281550701,0.04562329530364708,0.7043905188010807,0.7658802747063532,1.0,CV_LearningParams_Fit_alpha-beta-exp_neg-exp_pos_Fix_lossave_
3,0,4,LearningParams_Fit_alpha-beta-exp_neg-exp_pos_Fix_lossave,0.6444444444444445,2176857,406989,0.4152778496232592,0.08822150961890815,0.5923730813238901,0.5915221648294435,1.0,CV_LearningParams_Fit_alpha-beta-exp_neg-exp_pos_Fix_lossave_
0,0,1,LearningParams_Fit_alpha-beta-exp_neg-exp_pos_Fix_lossave,0.6444444444444445,3687662,100003,0.05,2.0661017432907545,0.05,0.4124161503472328,1.0,CV_LearningParams_Fit_alpha-beta-exp_neg-exp_pos_Fix_lossave_
1,0,2,LearningParams_Fit_alpha-beta-exp_neg-exp_pos_Fix_lossave,0.7777777777777778,3687662,100003,0.05,1.1364685335208993,0.05,0.543130479879583,1.0,CV_LearningParams_Fit_alpha-beta-exp_neg-exp_pos_Fix_lossave_
2,0,3,LearningParams_Fit_alpha-beta-exp_neg-exp_pos_Fix_lossave,0.5333333333333333,3687662,100003,0.05,1.868147075829443,0.05,0.443972882600944,1.0,CV_LearningParams_Fit_alpha-beta-exp_neg-exp_pos_Fix_lossave_
3,0,4,LearningParams_Fit_alpha-beta-exp_neg-exp_pos_Fix_lossave,0.7333333333333333,3687662,100003,0.05,2.541156610291813,0.06449964626758446,0.4429352861135702,1.0,CV_LearningParams_Fit_alpha-beta-exp_neg-exp_pos_Fix_lossave_
0,0,1,LearningParams_Fit_alpha-beta-exp_neg-exp_pos_Fix_lossave,0.6888888888888889,1858573,100059,0.05,1.1316324965252342,0.05,0.3876112919517245,1.0,CV_LearningParams_Fit_alpha-beta-exp_neg-exp_pos_Fix_lossave_
1,0,2,LearningParams_Fit_alpha-beta-exp_neg-exp_pos_Fix_lossave,0.6444444444444445,1858573,100059,0.05,2.421582311039483,0.05,0.29367941774279754,1.0,CV_LearningParams_Fit_alpha-beta-exp_neg-exp_pos_Fix_lossave_
2,0,3,LearningParams_Fit_alpha-beta-exp_neg-exp_pos_Fix_lossave,0.6222222222222222,1858573,100059,0.05,1.5627437811668283,0.05,0.3108822357485627,1.0,CV_LearningParams_Fit_alpha-beta-exp_neg-exp_pos_Fix_lossave_
3,0,4,LearningParams_Fit_alpha-beta-exp_neg-exp_pos_Fix_lossave,0.8222222222222222,1858573,100059,0.05,1.5553579243712017,0.05,0.3707819568835948,1.0,CV_LearningParams_Fit_alpha-beta-exp_neg-exp_pos_Fix_lossave_
0,0,1,LearningParams_Fit_alpha-beta-exp_neg-exp_pos_Fix_lossave,0.4666666666666667,4503123,407672,0.05,0.20001508694989287,1.272996783592503,1.2057993068621882,1.0,CV_LearningParams_Fit_alpha-beta-exp_neg-exp_pos_Fix_lossave_
1,0,2,LearningParams_Fit_alpha-beta-exp_neg-exp_pos_Fix_lossave,0.8,4503123,407672,0.05,0.3741995644502965,1.1056952028645175,1.0059111641663354,1.0,CV_LearningParams_Fit_alpha-beta-exp_neg-exp_pos_Fix_lossave_
2,0,3,LearningParams_Fit_alpha-beta-exp_neg-exp_pos_Fix_lossave,0.9333333333333332,4503123,407672,0.05,0.1272183997390419,1.3215761326892406,1.2035063207109933,1.0,CV_LearningParams_Fit_alpha-beta-exp_neg-exp_pos_Fix_lossave_
3,0,4,LearningParams_Fit_alpha-beta-exp_neg-exp_pos_Fix_lossave,0.4222222222222222,4503123,407672,0.05,0.0800765275722701,1.171870548510019,1.376769681551321,1.0,CV_LearningParams_Fit_alpha-beta-exp_neg-exp_pos_Fix_lossave_
0,0,1,LearningParams_Fit_alpha-beta-exp_neg-exp_pos_Fix_lossave,0.8,4139613,311444,0.05,0.13351630654620802,0.05,0.8957164817656852,1.0,CV_LearningParams_Fit_alpha-beta-exp_neg-exp_pos_Fix_lossave_
1,0,2,LearningParams_Fit_alpha-beta-exp_neg-exp_pos_Fix_lossave,0.6222222222222222,4139613,311444,0.05,0.076032943701535,0.05,0.9774557195964446,1.0,CV_LearningParams_Fit_alpha-beta-exp_neg-exp_pos_Fix_lossave_
2,0,3,LearningParams_Fit_alpha-beta-exp_neg-exp_pos_Fix_lossave,0.7111111111111111,4139613,311444,0.05,0.043948156262517205,0.05,1.1652055953650835,1.0,CV_LearningParams_Fit_alpha-beta-exp_neg-exp_pos_Fix_lossave_
3,0,4,LearningParams_Fit_alpha-beta-exp_neg-exp_pos_Fix_lossave,0.6222222222222222,4139613,311444,0.05,0.08489810579708197,0.05,1.0519263372627696,1.0,CV_LearningParams_Fit_alpha-beta-exp_neg-exp_pos_Fix_lossave_
0,0,1,LearningParams_Fit_alpha-beta-exp_neg-exp_pos_Fix_lossave,0.4222222222222222,4100197,311760,0.05,8.109453937786686,0.3903294611662642,0.2621153709250209,1.0,CV_LearningParams_Fit_alpha-beta-exp_neg-exp_pos_Fix_lossave_
1,0,2,LearningParams_Fit_alpha-beta-exp_neg-exp_pos_Fix_lossave,0.4888888888888889,4100197,311760,1.5763633237625103,0.2558646502856559,0.3910624018618731,0.3751127565023057,1.0,CV_LearningParams_Fit_alpha-beta-exp_neg-exp_pos_Fix_lossave_
2,0,3,LearningParams_Fit_alpha-beta-exp_neg-exp_pos_Fix_lossave,0.9111111111111112,4100197,311760,1.1700176740577408,0.33854957603230895,0.31384606541706944,0.2932598795089409,1.0,CV_LearningParams_Fit_alpha-beta-exp_neg-exp_pos_Fix_lossave_
3,0,4,LearningParams_Fit_alpha-beta-exp_neg-exp_pos_Fix_lossave,0.4,4100197,311760,0.05,3.5641613281879914,0.5111323882346964,0.3997309358864786,1.0,CV_LearningParams_Fit_alpha-beta-exp_neg-exp_pos_Fix_lossave_
0,0,1,LearningParams_Fit_alpha-beta-exp_neg-exp_pos_Fix_lossave,0.5555555555555556,7467404,409381,0.05,0.262791897815132,0.8539261662036185,0.9817541733651804,1.0,CV_LearningParams_Fit_alpha-beta-exp_neg-exp_pos_Fix_lossave_
1,0,2,LearningParams_Fit_alpha-beta-exp_neg-exp_pos_Fix_lossave,0.8,7467404,409381,0.05,0.4367202909068528,0.7983584759019278,0.9168682304866406,1.0,CV_LearningParams_Fit_alpha-beta-exp_neg-exp_pos_Fix_lossave_
2,0,3,LearningParams_Fit_alpha-beta-exp_neg-exp_pos_Fix_lossave,0.4444444444444444,7467404,409381,0.05,0.12939519281535591,1.1590001626217854,1.1827812911729243,1.0,CV_LearningParams_Fit_alpha-beta-exp_neg-exp_pos_Fix_lossave_
3,0,4,LearningParams_Fit_alpha-beta-exp_neg-exp_pos_Fix_lossave,0.6888888888888889,7467404,409381,0.05,0.6661686627747606,0.7335089461044507,0.7923258994951933,1.0,CV_LearningParams_Fit_alpha-beta-exp_neg-exp_pos_Fix_lossave_
0,0,1,LearningParams_Fit_alpha-beta-exp_neg-exp_pos_Fix_lossave,0.5111111111111111,8954415,100105,0.05,3.9542745330195097,0.1195695640068808,0.15250876047379952,1.0,CV_LearningParams_Fit_alpha-beta-exp_neg-exp_pos_Fix_lossave_
1,0,2,LearningParams_Fit_alpha-beta-exp_neg-exp_pos_Fix_lossave,0.2888888888888889,8954415,100105,0.4106357137861368,0.5962911869221192,0.05,0.05,1.0,CV_LearningParams_Fit_alpha-beta-exp_neg-exp_pos_Fix_lossave_
2,0,3,LearningParams_Fit_alpha-beta-exp_neg-exp_pos_Fix_lossave,0.6888888888888889,8954415,100105,0.3346768230289158,0.5127975177516395,0.05509575976812669,0.18956703655679552,1.0,CV_LearningParams_Fit_alpha-beta-exp_neg-exp_pos_Fix_lossave_
3,0,4,LearningParams_Fit_alpha-beta-exp_neg-exp_pos_Fix_lossave,0.4888888888888889,8954415,100105,0.3380206929718767,0.5271120338228555,0.15125858430781006,0.20980205738050067,1.0,CV_LearningParams_Fit_alpha-beta-exp_neg-exp_pos_Fix_lossave_
0,0,1,LearningParams_Fit_alpha-beta-exp_neg-exp_pos_Fix_lossave,0.6222222222222222,6056094,400285,2.0,0.03953359830600496,0.5230916692047932,0.8248901455158193,1.0,CV_LearningParams_Fit_alpha-beta-exp_neg-exp_pos_Fix_lossave_
1,0,2,LearningParams_Fit_alpha-beta-exp_neg-exp_pos_Fix_lossave,0.6444444444444445,6056094,400285,2.0,0.1160420536144068,0.1870093404091043,0.3767777915171415,1.0,CV_LearningParams_Fit_alpha-beta-exp_neg-exp_pos_Fix_lossave_
2,0,3,LearningParams_Fit_alpha-beta-exp_neg-exp_pos_Fix_lossave,0.5333333333333333,6056094,400285,1.884631812886636,0.16207413694770598,0.3038259769986036,0.3796357521974568,1.0,CV_LearningParams_Fit_alpha-beta-exp_neg-exp_pos_Fix_lossave_
3,0,4,LearningParams_Fit_alpha-beta-exp_neg-exp_pos_Fix_lossave,0.3333333333333333,6056094,400285,0.30047224675524115,0.1491955137897615,0.4850704621445806,0.6170387816047499,1.0,CV_LearningParams_Fit_alpha-beta-exp_neg-exp_pos_Fix_lossave_
0,0,1,LearningParams_Fit_alpha-beta-exp_neg-exp_pos_Fix_lossave,0.6888888888888889,7189671,200156,0.05,0.2721016324244068,0.4702284255362268,0.7721981270855444,1.0,CV_LearningParams_Fit_alpha-beta-exp_neg-exp_pos_Fix_lossave_
1,0,2,LearningParams_Fit_alpha-beta-exp_neg-exp_pos_Fix_lossave,0.17777777777777778,7189671,200156,0.05,0.27174918489293426,0.5128138261286379,0.6801483199095084,1.0,CV_LearningParams_Fit_alpha-beta-exp_neg-exp_pos_Fix_lossave_
2,0,3,LearningParams_Fit_alpha-beta-exp_neg-exp_pos_Fix_lossave,0.3333333333333333,7189671,200156,0.05,0.11498725134569356,0.6161339544886523,0.796688343714502,1.0,CV_LearningParams_Fit_alpha-beta-exp_neg-exp_pos_Fix_lossave_
3,0,4,LearningParams_Fit_alpha-beta-exp_neg-exp_pos_Fix_lossave,0.5555555555555556,7189671,200156,0.05,0.05884712848276642,0.6498816025511832,1.0015537786023558,1.0,CV_LearningParams_Fit_alpha-beta-exp_neg-exp_pos_Fix_lossave_
0,0,1,LearningParams_Fit_alpha-beta-exp_neg-exp_pos_Fix_lossave,0.3555555555555556,8003713,100103,0.2887296315098624,0.09908672922573236,0.8759539511055003,0.7796796020698361,1.0,CV_LearningParams_Fit_alpha-beta-exp_neg-exp_pos_Fix_lossave_
1,0,2,LearningParams_Fit_alpha-beta-exp_neg-exp_pos_Fix_lossave,0.4888888888888889,8003713,100103,0.05,0.12821622829963078,1.1458093800132056,0.9845173276038534,1.0,CV_LearningParams_Fit_alpha-beta-exp_neg-exp_pos_Fix_lossave_
2,0,3,LearningParams_Fit_alpha-beta-exp_neg-exp_pos_Fix_lossave,0.4888888888888889,8003713,100103,0.05,0.14879882872281713,1.012212784259952,0.863863269869522,1.0,CV_LearningParams_Fit_alpha-beta-exp_neg-exp_pos_Fix_lossave_
3,0,4,LearningParams_Fit_alpha-beta-exp_neg-exp_pos_Fix_lossave,0.6888888888888889,8003713,100103,0.05,0.2161053601243544,1.0795713324906635,0.8824345957709878,1.0,CV_LearningParams_Fit_alpha-beta-exp_neg-exp_pos_Fix_lossave_
0,0,1,LearningParams_Fit_alpha-beta-exp_neg-exp_pos_Fix_lossave,0.7777777777777778,9455978,100241,0.05,1.333101688104526,0.05,0.7195636797606718,1.0,CV_LearningParams_Fit_alpha-beta-exp_neg-exp_pos_Fix_lossave_
1,0,2,LearningParams_Fit_alpha-beta-exp_neg-exp_pos_Fix_lossave,0.4666666666666667,9455978,100241,0.05,2.297639109429744,0.05,0.5736555661298285,1.0,CV_LearningParams_Fit_alpha-beta-exp_neg-exp_pos_Fix_lossave_
2,0,3,LearningParams_Fit_alpha-beta-exp_neg-exp_pos_Fix_lossave,0.6,9455978,100241,0.05,1.4782887666758333,0.05,0.6829849640226893,1.0,CV_LearningParams_Fit_alpha-beta-exp_neg-exp_pos_Fix_lossave_
3,0,4,LearningParams_Fit_alpha-beta-exp_neg-exp_pos_Fix_lossave,0.5333333333333333,9455978,100241,0.05,1.8725405720083224,0.05,1.0336481634209262,1.0,CV_LearningParams_Fit_alpha-beta-exp_neg-exp_pos_Fix_lossave_
0,0,1,LearningParams_Fit_alpha-beta-exp_neg-exp_pos_Fix_lossave,0.4,9255395,200168,0.2855600624012508,0.6044251720999839,0.11489281076995456,0.09517748505030356,1.0,CV_LearningParams_Fit_alpha-beta-exp_neg-exp_pos_Fix_lossave_
1,0,2,LearningParams_Fit_alpha-beta-exp_neg-exp_pos_Fix_lossave,0.4222222222222222,9255395,200168,0.3084765710499745,0.7017868638913104,0.1088188679451376,0.05,1.0,CV_LearningParams_Fit_alpha-beta-exp_neg-exp_pos_Fix_lossave_
2,0,3,LearningParams_Fit_alpha-beta-exp_neg-exp_pos_Fix_lossave,0.5777777777777777,9255395,200168,0.9319039913459632,0.40609006523654817,0.05,0.08615846228586978,1.0,CV_LearningParams_Fit_alpha-beta-exp_neg-exp_pos_Fix_lossave_
3,0,4,LearningParams_Fit_alpha-beta-exp_neg-exp_pos_Fix_lossave,0.5111111111111111,9255395,200168,0.05,2.718701894626674,0.059199089407690565,0.05,1.0,CV_LearningParams_Fit_alpha-beta-exp_neg-exp_pos_Fix_lossave_
0,0,1,LearningParams_Fit_alpha-beta-exp_neg-exp_pos_Fix_lossave,0.6888888888888889,2061967,311479,1.412936911825747,0.2724817144436951,0.05484215018202702,0.14154765761820387,1.0,CV_LearningParams_Fit_alpha-beta-exp_neg-exp_pos_Fix_lossave_
1,0,2,LearningParams_Fit_alpha-beta-exp_neg-exp_pos_Fix_lossave,0.6,2061967,311479,0.05,1.9769406719063367,0.05,0.12728190688622434,1.0,CV_LearningParams_Fit_alpha-beta-exp_neg-exp_pos_Fix_lossave_
2,0,3,LearningParams_Fit_alpha-beta-exp_neg-exp_pos_Fix_lossave,0.1111111111111111,2061967,311479,0.2711060458542223,0.4561368080007832,0.3452943963583793,0.2747548797341298,1.0,CV_LearningParams_Fit_alpha-beta-exp_neg-exp_pos_Fix_lossave_
3,0,4,LearningParams_Fit_alpha-beta-exp_neg-exp_pos_Fix_lossave,0.6444444444444445,2061967,311479,0.25742002690175786,0.5346021672635799,0.09649549229740298,0.12234720830015355,1.0,CV_LearningParams_Fit_alpha-beta-exp_neg-exp_pos_Fix_lossave_
0,0,1,LearningParams_Fit_alpha-beta-exp_neg-exp_pos_Fix_lossave,0.9111111111111112,5292081,100062,0.6429729743522818,0.041647854868734575,0.7772521240333633,1.0288524837286823,1.0,CV_LearningParams_Fit_alpha-beta-exp_neg-exp_pos_Fix_lossave_
1,0,2,LearningParams_Fit_alpha-beta-exp_neg-exp_pos_Fix_lossave,0.2888888888888889,5292081,100062,0.05,0.4721821037309883,0.7433206732390583,0.7739913842820652,1.0,CV_LearningParams_Fit_alpha-beta-exp_neg-exp_pos_Fix_lossave_
2,0,3,LearningParams_Fit_alpha-beta-exp_neg-exp_pos_Fix_lossave,0.6,5292081,100062,0.13643938266653394,0.09296944999362848,0.8237703029634436,0.9238571370634778,1.0,CV_LearningParams_Fit_alpha-beta-exp_neg-exp_pos_Fix_lossave_
3,0,4,LearningParams_Fit_alpha-beta-exp_neg-exp_pos_Fix_lossave,0.3333333333333333,5292081,100062,0.05,0.24489822273330375,1.1251242634213312,0.97743026694131,1.0,CV_LearningParams_Fit_alpha-beta-exp_neg-exp_pos_Fix_lossave_
0,0,1,LearningParams_Fit_alpha-beta-exp_neg-exp_pos_Fix_lossave,0.7555555555555555,3665543,408394,0.228252531762558,0.14777740357155628,0.6459207766523458,0.8792589627614807,1.0,CV_LearningParams_Fit_alpha-beta-exp_neg-exp_pos_Fix_lossave_
1,0,2,LearningParams_Fit_alpha-beta-exp_neg-exp_pos_Fix_lossave,0.8444444444444444,3665543,408394,1.1418299156281302,0.0006166118077593652,0.4741652558506481,2.0,1.0,CV_LearningParams_Fit_alpha-beta-exp_neg-exp_pos_Fix_lossave_
2,0,3,LearningParams_Fit_alpha-beta-exp_neg-exp_pos_Fix_lossave,0.6,3665543,408394,0.05,1.3065520349942783,0.5675684225876704,0.7246640141468791,1.0,CV_LearningParams_Fit_alpha-beta-exp_neg-exp_pos_Fix_lossave_
3,0,4,LearningParams_Fit_alpha-beta-exp_neg-exp_pos_Fix_lossave,0.6,3665543,408394,0.05,3.50766832655444,0.4696476685109704,0.5831660412752844,1.0,CV_LearningParams_Fit_alpha-beta-exp_neg-exp_pos_Fix_lossave_
0,0,1,LearningParams_Fit_alpha-beta-exp_neg-exp_pos_Fix_lossave,0.5777777777777777,211240,200085,0.05,1.445596380691191,0.05,0.25437048964498565,1.0,CV_LearningParams_Fit_alpha-beta-exp_neg-exp_pos_Fix_lossave_
1,0,2,LearningParams_Fit_alpha-beta-exp_neg-exp_pos_Fix_lossave,0.4222222222222222,211240,200085,0.05,1.7265142630446817,0.05,0.31404020936511085,1.0,CV_LearningParams_Fit_alpha-beta-exp_neg-exp_pos_Fix_lossave_
2,0,3,LearningParams_Fit_alpha-beta-exp_neg-exp_pos_Fix_lossave,0.8444444444444444,211240,200085,0.05,0.6571610638397534,0.05,0.5179849549621052,1.0,CV_LearningParams_Fit_alpha-beta-exp_neg-exp_pos_Fix_lossave_
3,0,4,LearningParams_Fit_alpha-beta-exp_neg-exp_pos_Fix_lossave,0.7111111111111111,211240,200085,0.05,0.7105015376421018,0.05,0.3956413573430671,1.0,CV_LearningParams_Fit_alpha-beta-exp_neg-exp_pos_Fix_lossave_
0,0,1,LearningParams_Fit_alpha-beta-exp_neg-exp_pos_Fix_lossave,0.8,9886567,100191,0.05,0.4467377913004991,0.5595188984340217,0.8271069418436567,1.0,CV_LearningParams_Fit_alpha-beta-exp_neg-exp_pos_Fix_lossave_
1,0,2,LearningParams_Fit_alpha-beta-exp_neg-exp_pos_Fix_lossave,0.5111111111111111,9886567,100191,0.05,0.05844120585699701,0.9948463095385476,1.2484655910221436,1.0,CV_LearningParams_Fit_alpha-beta-exp_neg-exp_pos_Fix_lossave_
2,0,3,LearningParams_Fit_alpha-beta-exp_neg-exp_pos_Fix_lossave,0.4444444444444444,9886567,100191,0.05,0.13054324189636562,0.7963450094403628,0.9444526148718828,1.0,CV_LearningParams_Fit_alpha-beta-exp_neg-exp_pos_Fix_lossave_
3,0,4,LearningParams_Fit_alpha-beta-exp_neg-exp_pos_Fix_lossave,0.5777777777777777,9886567,100191,2.0,0.01929703960955597,0.660390973902212,1.044880728842149,1.0,CV_LearningParams_Fit_alpha-beta-exp_neg-exp_pos_Fix_lossave_
0,0,1,LearningParams_Fit_alpha-beta-exp_neg-exp_pos_Fix_lossave,0.6888888888888889,8833405,200162,0.21932860655619815,0.4391505074520826,0.05,0.4011978775150991,1.0,CV_LearningParams_Fit_alpha-beta-exp_neg-exp_pos_Fix_lossave_
1,0,2,LearningParams_Fit_alpha-beta-exp_neg-exp_pos_Fix_lossave,0.8444444444444444,8833405,200162,0.05,0.9500711831153024,0.05,0.5832162489604764,1.0,CV_LearningParams_Fit_alpha-beta-exp_neg-exp_pos_Fix_lossave_
2,0,3,LearningParams_Fit_alpha-beta-exp_neg-exp_pos_Fix_lossave,0.8,8833405,200162,0.2559111000789426,0.4817539256007626,0.05,0.4788021536335087,1.0,CV_LearningParams_Fit_alpha-beta-exp_neg-exp_pos_Fix_lossave_
3,0,4,LearningParams_Fit_alpha-beta-exp_neg-exp_pos_Fix_lossave,0.3555555555555556,8833405,200162,0.05,1.5405521443226589,0.05,0.3951477496547732,1.0,CV_LearningParams_Fit_alpha-beta-exp_neg-exp_pos_Fix_lossave_
0,0,1,LearningParams_Fit_alpha-beta-exp_neg-exp_pos_Fix_lossave,0.6444444444444445,6354218,100243,0.2494057999103097,0.8888433837091619,0.05,0.2870182462076142,1.0,CV_LearningParams_Fit_alpha-beta-exp_neg-exp_pos_Fix_lossave_
1,0,2,LearningParams_Fit_alpha-beta-exp_neg-exp_pos_Fix_lossave,0.8,6354218,100243,0.05,1.6228863520375894,0.05,0.4901254724414698,1.0,CV_LearningParams_Fit_alpha-beta-exp_neg-exp_pos_Fix_lossave_
2,0,3,LearningParams_Fit_alpha-beta-exp_neg-exp_pos_Fix_lossave,0.4222222222222222,6354218,100243,0.17856788038509191,0.869004532778856,0.09900703929458712,0.3704623680077901,1.0,CV_LearningParams_Fit_alpha-beta-exp_neg-exp_pos_Fix_lossave_
3,0,4,LearningParams_Fit_alpha-beta-exp_neg-exp_pos_Fix_lossave,0.7333333333333333,6354218,100243,0.22489471575512368,0.8629097045978523,0.05,0.3744514109792247,1.0,CV_LearningParams_Fit_alpha-beta-exp_neg-exp_pos_Fix_lossave_
0,0,1,LearningParams_Fit_alpha-beta-exp_neg-exp_pos_Fix_lossave,0.4444444444444444,7384330,411477,0.531601584943992,0.34094465664790946,0.08651357389348233,0.10379644841139334,1.0,CV_LearningParams_Fit_alpha-beta-exp_neg-exp_pos_Fix_lossave_
1,0,2,LearningParams_Fit_alpha-beta-exp_neg-exp_pos_Fix_lossave,0.7555555555555555,7384330,411477,1.9332734175664892,0.15313092009786372,0.1028127797945408,0.09131332548190738,1.0,CV_LearningParams_Fit_alpha-beta-exp_neg-exp_pos_Fix_lossave_
2,0,3,LearningParams_Fit_alpha-beta-exp_neg-exp_pos_Fix_lossave,0.3111111111111111,7384330,411477,0.4812328936075264,0.27920647619482464,0.0799375029039151,0.17272033707377668,1.0,CV_LearningParams_Fit_alpha-beta-exp_neg-exp_pos_Fix_lossave_
3,0,4,LearningParams_Fit_alpha-beta-exp_neg-exp_pos_Fix_lossave,0.6222222222222222,7384330,411477,0.3181405545001289,0.34596400313538545,0.1290456541354189,0.22421168446821735,1.0,CV_LearningParams_Fit_alpha-beta-exp_neg-exp_pos_Fix_lossave_
0,0,1,LearningParams_Fit_alpha-beta-exp_neg-exp_pos_Fix_lossave,0.6666666666666666,4467895,306587,0.07492627214554744,1.2837258447463935,0.08996496641997845,0.05,1.0,CV_LearningParams_Fit_alpha-beta-exp_neg-exp_pos_Fix_lossave_
1,0,2,LearningParams_Fit_alpha-beta-exp_neg-exp_pos_Fix_lossave,0.2888888888888889,4467895,306587,0.05,1.926466081146424,0.2078695787450623,0.05,1.0,CV_LearningParams_Fit_alpha-beta-exp_neg-exp_pos_Fix_lossave_
2,0,3,LearningParams_Fit_alpha-beta-exp_neg-exp_pos_Fix_lossave,0.6888888888888889,4467895,306587,0.5333020688794539,0.20937451732617784,0.05,0.05,1.0,CV_LearningParams_Fit_alpha-beta-exp_neg-exp_pos_Fix_lossave_
3,0,4,LearningParams_Fit_alpha-beta-exp_neg-exp_pos_Fix_lossave,0.24444444444444444,4467895,306587,0.06499882130667745,1.2884507682370256,0.21994677202666926,0.05,1.0,CV_LearningParams_Fit_alpha-beta-exp_neg-exp_pos_Fix_lossave_
0,0,1,LearningParams_Fit_alpha-beta-exp_neg-exp_pos_Fix_lossave,0.17777777777777778,5795673,406925,2.0,0.000324079365313598,0.4330895454949294,2.0,1.0,CV_LearningParams_Fit_alpha-beta-exp_neg-exp_pos_Fix_lossave_
1,0,2,LearningParams_Fit_alpha-beta-exp_neg-exp_pos_Fix_lossave,0.7777777777777778,5795673,406925,0.05,0.3914627677134592,1.1461297677946598,1.1039168740176473,1.0,CV_LearningParams_Fit_alpha-beta-exp_neg-exp_pos_Fix_lossave_
2,0,3,LearningParams_Fit_alpha-beta-exp_neg-exp_pos_Fix_lossave,0.6444444444444445,5795673,406925,0.05,1.4677499376897931,0.6808583824352534,0.7183534319461056,1.0,CV_LearningParams_Fit_alpha-beta-exp_neg-exp_pos_Fix_lossave_
3,0,4,LearningParams_Fit_alpha-beta-exp_neg-exp_pos_Fix_lossave,0.8666666666666667,5795673,406925,0.05,0.23429224755590095,0.9457580746447094,1.0761548228428952,1.0,CV_LearningParams_Fit_alpha-beta-exp_neg-exp_pos_Fix_lossave_
0,0,1,LearningParams_Fit_alpha-beta-exp_neg-exp_pos_Fix_lossave,0.6444444444444445,7520646,100244,0.7654458253790695,0.6993396996333614,0.06823667041108858,0.3037531623715529,1.0,CV_LearningParams_Fit_alpha-beta-exp_neg-exp_pos_Fix_lossave_
1,0,2,LearningParams_Fit_alpha-beta-exp_neg-exp_pos_Fix_lossave,0.6888888888888889,7520646,100244,0.7413727011329856,0.6519918360980953,0.051845990231176906,0.3273187404652623,1.0,CV_LearningParams_Fit_alpha-beta-exp_neg-exp_pos_Fix_lossave_
2,0,3,LearningParams_Fit_alpha-beta-exp_neg-exp_pos_Fix_lossave,0.6666666666666666,7520646,100244,0.4184787976563577,1.3800347748437995,0.05,0.2427696954456893,1.0,CV_LearningParams_Fit_alpha-beta-exp_neg-exp_pos_Fix_lossave_
3,0,4,LearningParams_Fit_alpha-beta-exp_neg-exp_pos_Fix_lossave,0.8666666666666667,7520646,100244,2.0,0.5100232335310877,0.09299628486234347,0.4879572842567164,1.0,CV_LearningParams_Fit_alpha-beta-exp_neg-exp_pos_Fix_lossave_
0,0,1,LearningParams_Fit_alpha-beta-exp_neg-exp_pos_Fix_lossave,0.3076923076923077,4208457,100110,0.5454139680808905,0.44778444954232266,0.12237729683706965,0.1402605056655276,1.0,CV_LearningParams_Fit_alpha-beta-exp_neg-exp_pos_Fix_lossave_
1,0,2,LearningParams_Fit_alpha-beta-exp_neg-exp_pos_Fix_lossave,0.5897435897435898,4208457,100110,1.0704961727569453,0.2987375726097097,0.1153408750685038,0.2106191099109693,1.0,CV_LearningParams_Fit_alpha-beta-exp_neg-exp_pos_Fix_lossave_
2,0,3,LearningParams_Fit_alpha-beta-exp_neg-exp_pos_Fix_lossave,0.38461538461538464,4208457,100110,0.05105429544598,2.683550889922304,0.09032167041351244,0.09870781561048804,1.0,CV_LearningParams_Fit_alpha-beta-exp_neg-exp_pos_Fix_lossave_
3,0,4,LearningParams_Fit_alpha-beta-exp_neg-exp_pos_Fix_lossave,0.6923076923076923,4208457,100110,0.05,2.7961903726207513,0.2588828727581155,0.2254919163205995,1.0,CV_LearningParams_Fit_alpha-beta-exp_neg-exp_pos_Fix_lossave_
0,0,1,LearningParams_Fit_alpha-beta-exp_neg-exp_pos_Fix_lossave,0.6222222222222222,611658,200249,0.309227177415682,0.34245216320214444,0.29614022727305656,0.5198239862595561,1.0,CV_LearningParams_Fit_alpha-beta-exp_neg-exp_pos_Fix_lossave_
1,0,2,LearningParams_Fit_alpha-beta-exp_neg-exp_pos_Fix_lossave,0.5777777777777777,611658,200249,0.6780959395956003,0.5079208794528044,0.068956783523092,0.362777361806373,1.0,CV_LearningParams_Fit_alpha-beta-exp_neg-exp_pos_Fix_lossave_
2,0,3,LearningParams_Fit_alpha-beta-exp_neg-exp_pos_Fix_lossave,0.3555555555555556,611658,200249,0.06973308843015726,0.7115451325330876,0.4401655417320573,0.6891479116606274,1.0,CV_LearningParams_Fit_alpha-beta-exp_neg-exp_pos_Fix_lossave_
3,0,4,LearningParams_Fit_alpha-beta-exp_neg-exp_pos_Fix_lossave,0.8444444444444444,611658,200249,0.14605562802020522,0.3707022306218221,0.2788458905417772,0.5797172903862979,1.0,CV_LearningParams_Fit_alpha-beta-exp_neg-exp_pos_Fix_lossave_
0,0,1,LearningParams_Fit_alpha-beta-exp_neg-exp_pos_Fix_lossave,0.3555555555555556,4903521,100104,0.05,1.1089838298470822,0.3366850671536456,0.2420848212499309,1.0,CV_LearningParams_Fit_alpha-beta-exp_neg-exp_pos_Fix_lossave_
1,0,2,LearningParams_Fit_alpha-beta-exp_neg-exp_pos_Fix_lossave,0.5555555555555556,4903521,100104,0.05972280269263865,1.58937730735327,0.2722844992193467,0.16956104290174695,1.0,CV_LearningParams_Fit_alpha-beta-exp_neg-exp_pos_Fix_lossave_
2,0,3,LearningParams_Fit_alpha-beta-exp_neg-exp_pos_Fix_lossave,0.3111111111111111,4903521,100104,0.26489241095729865,0.2034050933393404,0.29131546188083923,0.05,1.0,CV_LearningParams_Fit_alpha-beta-exp_neg-exp_pos_Fix_lossave_
3,0,4,LearningParams_Fit_alpha-beta-exp_neg-exp_pos_Fix_lossave,0.2,4903521,100104,0.05,2.219625190217267,0.3838195600058596,0.22452213798051765,1.0,CV_LearningParams_Fit_alpha-beta-exp_neg-exp_pos_Fix_lossave_
0,0,1,LearningParams_Fit_alpha-beta-exp_neg-exp_pos_Fix_lossave,0.5555555555555556,9186820,408662,0.21745753721866184,0.07266299116392927,0.8232160901097667,1.1129247738530406,1.0,CV_LearningParams_Fit_alpha-beta-exp_neg-exp_pos_Fix_lossave_
1,0,2,LearningParams_Fit_alpha-beta-exp_neg-exp_pos_Fix_lossave,0.6444444444444445,9186820,408662,0.05,0.3303387861344185,0.7910521264519457,0.9819498971476026,1.0,CV_LearningParams_Fit_alpha-beta-exp_neg-exp_pos_Fix_lossave_
2,0,3,LearningParams_Fit_alpha-beta-exp_neg-exp_pos_Fix_lossave,0.4666666666666667,9186820,408662,0.05,0.6515929971728986,0.8006300412129642,0.8188206377740259,1.0,CV_LearningParams_Fit_alpha-beta-exp_neg-exp_pos_Fix_lossave_
3,0,4,LearningParams_Fit_alpha-beta-exp_neg-exp_pos_Fix_lossave,0.5555555555555556,9186820,408662,0.21343725420217066,0.05169882563836428,1.019192542994207,1.417640826524415,1.0,CV_LearningParams_Fit_alpha-beta-exp_neg-exp_pos_Fix_lossave_
0,0,1,LearningParams_Fit_alpha-beta-exp_neg-exp_pos_Fix_lossave,0.6666666666666666,5276030,100057,0.4869773490584904,0.022034166974108337,0.5880040738087334,0.8605265784429337,1.0,CV_LearningParams_Fit_alpha-beta-exp_neg-exp_pos_Fix_lossave_
1,0,2,LearningParams_Fit_alpha-beta-exp_neg-exp_pos_Fix_lossave,0.5555555555555556,5276030,100057,2.0,0.03048523702506844,0.2780534214103991,0.4270704604623953,1.0,CV_LearningParams_Fit_alpha-beta-exp_neg-exp_pos_Fix_lossave_
2,0,3,LearningParams_Fit_alpha-beta-exp_neg-exp_pos_Fix_lossave,0.5333333333333333,5276030,100057,1.1362883775424408,0.02936418968976228,0.478447353705381,0.6188426329559217,1.0,CV_LearningParams_Fit_alpha-beta-exp_neg-exp_pos_Fix_lossave_
3,0,4,LearningParams_Fit_alpha-beta-exp_neg-exp_pos_Fix_lossave,0.6444444444444445,5276030,100057,0.05000867969700522,2.0710418899866827,0.32683835249164395,0.3631925854035533,1.0,CV_LearningParams_Fit_alpha-beta-exp_neg-exp_pos_Fix_lossave_
0,0,1,LearningParams_Fit_alpha-beta-exp_neg-exp_pos_Fix_lossave,0.8,6541714,200173,0.17989507028406698,0.002883999351910266,0.05,2.0,1.0,CV_LearningParams_Fit_alpha-beta-exp_neg-exp_pos_Fix_lossave_
1,0,2,LearningParams_Fit_alpha-beta-exp_neg-exp_pos_Fix_lossave,0.7333333333333333,6541714,200173,0.05,0.14961315113021192,1.22687798596378,1.3580285832288268,1.0,CV_LearningParams_Fit_alpha-beta-exp_neg-exp_pos_Fix_lossave_
2,0,3,LearningParams_Fit_alpha-beta-exp_neg-exp_pos_Fix_lossave,0.4666666666666667,6541714,200173,0.05,0.715755742110634,1.0628388038823309,0.7955126179094965,1.0,CV_LearningParams_Fit_alpha-beta-exp_neg-exp_pos_Fix_lossave_
3,0,4,LearningParams_Fit_alpha-beta-exp_neg-exp_pos_Fix_lossave,0.6222222222222222,6541714,200173,0.05,0.4155949586200141,1.0211548090314484,0.9203828847391354,1.0,CV_LearningParams_Fit_alpha-beta-exp_neg-exp_pos_Fix_lossave_
0,0,1,LearningParams_Fit_alpha-beta-exp_neg-exp_pos_Fix_lossave,0.6888888888888889,829030,100128,0.05,0.3022447023524014,0.7646257732481304,0.8437703672647382,1.0,CV_LearningParams_Fit_alpha-beta-exp_neg-exp_pos_Fix_lossave_
1,0,2,LearningParams_Fit_alpha-beta-exp_neg-exp_pos_Fix_lossave,0.3555555555555556,829030,100128,0.05,0.0792687339934343,1.0182065710362405,1.001047439470655,1.0,CV_LearningParams_Fit_alpha-beta-exp_neg-exp_pos_Fix_lossave_
2,0,3,LearningParams_Fit_alpha-beta-exp_neg-exp_pos_Fix_lossave,0.4222222222222222,829030,100128,0.05,0.044896787130946886,1.0742207048719952,1.155055342122197,1.0,CV_LearningParams_Fit_alpha-beta-exp_neg-exp_pos_Fix_lossave_
3,0,4,LearningParams_Fit_alpha-beta-exp_neg-exp_pos_Fix_lossave,0.4,829030,100128,0.05,0.4230956644083612,0.7191023448446229,0.7014588752137126,1.0,CV_LearningParams_Fit_alpha-beta-exp_neg-exp_pos_Fix_lossave_
0,0,1,LearningParams_Fit_alpha-beta-exp_neg-exp_pos_Fix_lossave,0.2888888888888889,5038708,411256,2.0,0.00030010857298118886,0.3531405827099446,2.0,1.0,CV_LearningParams_Fit_alpha-beta-exp_neg-exp_pos_Fix_lossave_
1,0,2,LearningParams_Fit_alpha-beta-exp_neg-exp_pos_Fix_lossave,0.8666666666666667,5038708,411256,0.05,1.4428099911812184,0.6586707274338618,0.7609088219463505,1.0,CV_LearningParams_Fit_alpha-beta-exp_neg-exp_pos_Fix_lossave_
2,0,3,LearningParams_Fit_alpha-beta-exp_neg-exp_pos_Fix_lossave,0.7333333333333333,5038708,411256,0.05,0.3349388920443366,0.8997996048350576,1.1065961168685554,1.0,CV_LearningParams_Fit_alpha-beta-exp_neg-exp_pos_Fix_lossave_
3,0,4,LearningParams_Fit_alpha-beta-exp_neg-exp_pos_Fix_lossave,0.7555555555555555,5038708,411256,0.05,1.9388309578728735,0.6141707293583786,0.6812779415539418,1.0,CV_LearningParams_Fit_alpha-beta-exp_neg-exp_pos_Fix_lossave_
0,0,1,LearningParams_Fit_alpha-beta-exp_neg-exp_pos_Fix_lossave,0.0,7610233,100180,inf,inf,inf,inf,1.0,CV_LearningParams_Fit_alpha-beta-exp_neg-exp_pos_Fix_lossave_
1,0,2,LearningParams_Fit_alpha-beta-exp_neg-exp_pos_Fix_lossave,0.0,7610233,100180,inf,inf,inf,inf,1.0,CV_LearningParams_Fit_alpha-beta-exp_neg-exp_pos_Fix_lossave_
2,0,3,LearningParams_Fit_alpha-beta-exp_neg-exp_pos_Fix_lossave,0.0,7610233,100180,inf,inf,inf,inf,1.0,CV_LearningParams_Fit_alpha-beta-exp_neg-exp_pos_Fix_lossave_
3,0,4,LearningParams_Fit_alpha-beta-exp_neg-exp_pos_Fix_lossave,0.0,7610233,100180,inf,inf,inf,inf,1.0,CV_LearningParams_Fit_alpha-beta-exp_neg-exp_pos_Fix_lossave_
0,0,1,LearningParams_Fit_alpha-beta-exp_neg-exp_pos_Fix_lossave,0.5555555555555556,1488133,100169,0.30605537892153944,0.234761805610498,0.05,0.27922486194470697,1.0,CV_LearningParams_Fit_alpha-beta-exp_neg-exp_pos_Fix_lossave_
1,0,2,LearningParams_Fit_alpha-beta-exp_neg-exp_pos_Fix_lossave,0.6222222222222222,1488133,100169,0.3790301656532106,0.21228630987115,0.05,0.17714347541646233,1.0,CV_LearningParams_Fit_alpha-beta-exp_neg-exp_pos_Fix_lossave_
2,0,3,LearningParams_Fit_alpha-beta-exp_neg-exp_pos_Fix_lossave,0.5333333333333333,1488133,100169,0.2972887411245502,0.21977198722454466,0.05,0.2294860904182513,1.0,CV_LearningParams_Fit_alpha-beta-exp_neg-exp_pos_Fix_lossave_
3,0,4,LearningParams_Fit_alpha-beta-exp_neg-exp_pos_Fix_lossave,0.6888888888888889,1488133,100169,0.05,1.1274917034058085,0.05,0.30538983826538385,1.0,CV_LearningParams_Fit_alpha-beta-exp_neg-exp_pos_Fix_lossave_
0,0,1,LearningParams_Fit_alpha-beta-exp_neg-exp_pos_Fix_lossave,0.4888888888888889,8284118,100068,0.05272661811205493,7.319688914063885,0.24597514679472995,0.1709673666783685,1.0,CV_LearningParams_Fit_alpha-beta-exp_neg-exp_pos_Fix_lossave_
1,0,2,LearningParams_Fit_alpha-beta-exp_neg-exp_pos_Fix_lossave,0.6444444444444445,8284118,100068,0.05,2.2469586987604164,0.37014141509534615,0.2962032890900475,1.0,CV_LearningParams_Fit_alpha-beta-exp_neg-exp_pos_Fix_lossave_
2,0,3,LearningParams_Fit_alpha-beta-exp_neg-exp_pos_Fix_lossave,0.2222222222222222,8284118,100068,0.43277215947728903,0.5959767767077069,0.2893762086339171,0.16625592147944146,1.0,CV_LearningParams_Fit_alpha-beta-exp_neg-exp_pos_Fix_lossave_
3,0,4,LearningParams_Fit_alpha-beta-exp_neg-exp_pos_Fix_lossave,0.5111111111111111,8284118,100068,0.5047817852632838,0.8517596080960446,0.3080664570255651,0.2306406391993753,1.0,CV_LearningParams_Fit_alpha-beta-exp_neg-exp_pos_Fix_lossave_
0,0,1,LearningParams_Fit_alpha-beta-exp_neg-exp_pos_Fix_lossave,0.4888888888888889,4673107,402997,0.26830027342537305,0.14545224582730548,0.7306263841240819,0.6132323666371867,1.0,CV_LearningParams_Fit_alpha-beta-exp_neg-exp_pos_Fix_lossave_
1,0,2,LearningParams_Fit_alpha-beta-exp_neg-exp_pos_Fix_lossave,0.9111111111111112,4673107,402997,0.05,0.4012193280178805,1.0294138878278352,0.7833566547102252,1.0,CV_LearningParams_Fit_alpha-beta-exp_neg-exp_pos_Fix_lossave_
2,0,3,LearningParams_Fit_alpha-beta-exp_neg-exp_pos_Fix_lossave,0.8888888888888888,4673107,402997,0.13021910156061556,0.30839019506087795,0.793272820588263,0.6287443187403854,1.0,CV_LearningParams_Fit_alpha-beta-exp_neg-exp_pos_Fix_lossave_
3,0,4,LearningParams_Fit_alpha-beta-exp_neg-exp_pos_Fix_lossave,0.4888888888888889,4673107,402997,0.05,0.20180272590057324,1.2543100675511305,0.9606217743517604,1.0,CV_LearningParams_Fit_alpha-beta-exp_neg-exp_pos_Fix_lossave_
0,0,1,LearningParams_Fit_alpha-beta-exp_neg-exp_pos_Fix_lossave,0.4,22810,100247,0.3594527185589952,0.31105619838558224,0.4743308520536844,0.4341789548453681,1.0,CV_LearningParams_Fit_alpha-beta-exp_neg-exp_pos_Fix_lossave_
1,0,2,LearningParams_Fit_alpha-beta-exp_neg-exp_pos_Fix_lossave,0.4,22810,100247,0.3436072218546386,0.05170875246964272,0.8148005325411809,0.7467922612838169,1.0,CV_LearningParams_Fit_alpha-beta-exp_neg-exp_pos_Fix_lossave_
2,0,3,LearningParams_Fit_alpha-beta-exp_neg-exp_pos_Fix_lossave,0.5333333333333333,22810,100247,1.8182359564163717,0.05976009540602925,0.488467822695256,0.5109456117766893,1.0,CV_LearningParams_Fit_alpha-beta-exp_neg-exp_pos_Fix_lossave_
3,0,4,LearningParams_Fit_alpha-beta-exp_neg-exp_pos_Fix_lossave,0.4888888888888889,22810,100247,0.3831780162215763,0.14912882203750566,0.5457736502101713,0.5017505465321821,1.0,CV_LearningParams_Fit_alpha-beta-exp_neg-exp_pos_Fix_lossave_
0,0,1,LearningParams_Fit_alpha-beta-exp_neg-exp_pos_Fix_lossave,0.3333333333333333,9427040,100185,0.06789137578302787,2.2227525174075984,0.2093668035147396,0.05,1.0,CV_LearningParams_Fit_alpha-beta-exp_neg-exp_pos_Fix_lossave_
1,0,2,LearningParams_Fit_alpha-beta-exp_neg-exp_pos_Fix_lossave,0.4444444444444444,9427040,100185,0.2461318149123695,0.4939254752691513,0.1399110090482966,0.05,1.0,CV_LearningParams_Fit_alpha-beta-exp_neg-exp_pos_Fix_lossave_
2,0,3,LearningParams_Fit_alpha-beta-exp_neg-exp_pos_Fix_lossave,0.2222222222222222,9427040,100185,0.05,2.12818315973373,0.3489949304401081,0.2502179534891752,1.0,CV_LearningParams_Fit_alpha-beta-exp_neg-exp_pos_Fix_lossave_
3,0,4,LearningParams_Fit_alpha-beta-exp_neg-exp_pos_Fix_lossave,0.6666666666666666,9427040,100185,0.09717494675440562,1.0444631647496034,0.18005550974222562,0.16809131057676802,1.0,CV_LearningParams_Fit_alpha-beta-exp_neg-exp_pos_Fix_lossave_
0,0,1,LearningParams_Fit_alpha-beta-exp_neg-exp_pos_Fix_lossave,0.7555555555555555,8157428,407209,0.05,0.10801988139481497,0.7450312149580762,1.040663453386185,1.0,CV_LearningParams_Fit_alpha-beta-exp_neg-exp_pos_Fix_lossave_
1,0,2,LearningParams_Fit_alpha-beta-exp_neg-exp_pos_Fix_lossave,0.5777777777777777,8157428,407209,0.8954254583161406,0.10745211015163077,0.29018843505033576,0.5273884002684018,1.0,CV_LearningParams_Fit_alpha-beta-exp_neg-exp_pos_Fix_lossave_
2,0,3,LearningParams_Fit_alpha-beta-exp_neg-exp_pos_Fix_lossave,0.6444444444444445,8157428,407209,0.6718067370125647,0.061105900385147786,0.25919946787530473,0.5721826601494476,1.0,CV_LearningParams_Fit_alpha-beta-exp_neg-exp_pos_Fix_lossave_
3,0,4,LearningParams_Fit_alpha-beta-exp_neg-exp_pos_Fix_lossave,0.6666666666666666,8157428,407209,0.5618475148997918,0.043700326069853086,0.05,0.6360632458263985,1.0,CV_LearningParams_Fit_alpha-beta-exp_neg-exp_pos_Fix_lossave_
0,0,1,LearningParams_Fit_alpha-beta-exp_neg-exp_pos_Fix_lossave,0.7111111111111111,1491546,100109,0.08868810804552615,1.121973466374075,0.11684212061361822,0.09767209171208337,1.0,CV_LearningParams_Fit_alpha-beta-exp_neg-exp_pos_Fix_lossave_
1,0,2,LearningParams_Fit_alpha-beta-exp_neg-exp_pos_Fix_lossave,0.2222222222222222,1491546,100109,0.8817501358700528,0.21406148213698886,0.09524471127996303,0.06848216163143109,1.0,CV_LearningParams_Fit_alpha-beta-exp_neg-exp_pos_Fix_lossave_
2,0,3,LearningParams_Fit_alpha-beta-exp_neg-exp_pos_Fix_lossave,0.7111111111111111,1491546,100109,0.6623527461694301,0.15799463067134611,0.2928319393827801,0.22253541525735146,1.0,CV_LearningParams_Fit_alpha-beta-exp_neg-exp_pos_Fix_lossave_
3,0,4,LearningParams_Fit_alpha-beta-exp_neg-exp_pos_Fix_lossave,0.24444444444444444,1491546,100109,0.05,2.0201100800646548,0.15655582643902105,0.05,1.0,CV_LearningParams_Fit_alpha-beta-exp_neg-exp_pos_Fix_lossave_
0,0,1,LearningParams_Fit_alpha-beta-exp_neg-exp_pos_Fix_lossave,0.5333333333333333,3935098,100143,0.05806901429528246,3.0163163337089984,0.05,0.055617791122887464,1.0,CV_LearningParams_Fit_alpha-beta-exp_neg-exp_pos_Fix_lossave_
1,0,2,LearningParams_Fit_alpha-beta-exp_neg-exp_pos_Fix_lossave,0.3111111111111111,3935098,100143,0.08370800977532188,1.7956584767840449,0.06107463025823095,0.05,1.0,CV_LearningParams_Fit_alpha-beta-exp_neg-exp_pos_Fix_lossave_
2,0,3,LearningParams_Fit_alpha-beta-exp_neg-exp_pos_Fix_lossave,0.4,3935098,100143,0.1398405135567501,1.6614964590632075,0.05,0.05,1.0,CV_LearningParams_Fit_alpha-beta-exp_neg-exp_pos_Fix_lossave_
3,0,4,LearningParams_Fit_alpha-beta-exp_neg-exp_pos_Fix_lossave,0.6,3935098,100143,0.05174816650265342,1.821839291907296,0.05,0.05,1.0,CV_LearningParams_Fit_alpha-beta-exp_neg-exp_pos_Fix_lossave_
0,0,1,LearningParams_Fit_alpha-beta-exp_neg-exp_pos_Fix_lossave,0.8222222222222222,9046683,100152,0.05,0.17710573730069235,0.7563226247792284,1.012898401845877,1.0,CV_LearningParams_Fit_alpha-beta-exp_neg-exp_pos_Fix_lossave_
1,0,2,LearningParams_Fit_alpha-beta-exp_neg-exp_pos_Fix_lossave,0.5333333333333333,9046683,100152,0.05,0.302071703399645,0.8036178416983767,1.0310726715774108,1.0,CV_LearningParams_Fit_alpha-beta-exp_neg-exp_pos_Fix_lossave_
2,0,3,LearningParams_Fit_alpha-beta-exp_neg-exp_pos_Fix_lossave,0.6,9046683,100152,0.05,0.4790223761633478,0.6751348143152236,0.9161904864476392,1.0,CV_LearningParams_Fit_alpha-beta-exp_neg-exp_pos_Fix_lossave_
3,0,4,LearningParams_Fit_alpha-beta-exp_neg-exp_pos_Fix_lossave,0.3111111111111111,9046683,100152,0.05,0.38602026767410536,0.7428355897291443,0.8518290294429804,1.0,CV_LearningParams_Fit_alpha-beta-exp_neg-exp_pos_Fix_lossave_
0,0,1,LearningParams_Fit_alpha-beta-exp_neg-exp_pos_Fix_lossave,0.6,9716690,311047,0.5840309626975759,0.23800296517749095,0.3141187702998779,0.4426598282355633,1.0,CV_LearningParams_Fit_alpha-beta-exp_neg-exp_pos_Fix_lossave_
1,0,2,LearningParams_Fit_alpha-beta-exp_neg-exp_pos_Fix_lossave,0.5333333333333333,9716690,311047,0.05,1.49502076356334,0.4878927754820319,0.5315423919198062,1.0,CV_LearningParams_Fit_alpha-beta-exp_neg-exp_pos_Fix_lossave_
2,0,3,LearningParams_Fit_alpha-beta-exp_neg-exp_pos_Fix_lossave,0.3111111111111111,9716690,311047,0.05,1.6831020883503056,0.5549887799401527,0.4866250301306214,1.0,CV_LearningParams_Fit_alpha-beta-exp_neg-exp_pos_Fix_lossave_
3,0,4,LearningParams_Fit_alpha-beta-exp_neg-exp_pos_Fix_lossave,0.7333333333333333,9716690,311047,1.4045915970530167,0.15285439008083346,0.24772489039403106,0.4794554725566918,1.0,CV_LearningParams_Fit_alpha-beta-exp_neg-exp_pos_Fix_lossave_
0,0,1,LearningParams_Fit_alpha-beta-exp_neg-exp_pos_Fix_lossave,0.37777777777777777,6814788,310949,0.5383162521027638,0.1623714712533951,0.3967107724298556,0.6206176728151314,1.0,CV_LearningParams_Fit_alpha-beta-exp_neg-exp_pos_Fix_lossave_
1,0,2,LearningParams_Fit_alpha-beta-exp_neg-exp_pos_Fix_lossave,0.5777777777777777,6814788,310949,0.40447668835880857,0.1362791031425303,0.4078283028726106,0.6511275442831871,1.0,CV_LearningParams_Fit_alpha-beta-exp_neg-exp_pos_Fix_lossave_
2,0,3,LearningParams_Fit_alpha-beta-exp_neg-exp_pos_Fix_lossave,0.5111111111111111,6814788,310949,1.8407807164752623,0.1090738909647638,0.24861076794136044,0.4572200587870002,1.0,CV_LearningParams_Fit_alpha-beta-exp_neg-exp_pos_Fix_lossave_
3,0,4,LearningParams_Fit_alpha-beta-exp_neg-exp_pos_Fix_lossave,0.6222222222222222,6814788,310949,0.5044188507452642,0.058447591431422835,0.5935292048254869,0.8632868941468912,1.0,CV_LearningParams_Fit_alpha-beta-exp_neg-exp_pos_Fix_lossave_
0,0,1,LearningParams_Fit_alpha-beta-exp_neg-exp_pos_Fix_lossave,0.7555555555555555,9326371,100009,0.41221191644101657,0.1520092448962178,0.05,0.2055905652344579,1.0,CV_LearningParams_Fit_alpha-beta-exp_neg-exp_pos_Fix_lossave_
1,0,2,LearningParams_Fit_alpha-beta-exp_neg-exp_pos_Fix_lossave,0.4666666666666667,9326371,100009,0.5568592751428879,0.22351275172721127,0.13273223932190173,0.1693850572854051,1.0,CV_LearningParams_Fit_alpha-beta-exp_neg-exp_pos_Fix_lossave_
2,0,3,LearningParams_Fit_alpha-beta-exp_neg-exp_pos_Fix_lossave,0.4444444444444444,9326371,100009,0.08835253156772363,0.654712372489053,0.07270866283517145,0.0755902154557383,1.0,CV_LearningParams_Fit_alpha-beta-exp_neg-exp_pos_Fix_lossave_
3,0,4,LearningParams_Fit_alpha-beta-exp_neg-exp_pos_Fix_lossave,0.6666666666666666,9326371,100009,0.565885351682057,0.18368261060661228,0.05,0.1390803934445209,1.0,CV_LearningParams_Fit_alpha-beta-exp_neg-exp_pos_Fix_lossave_
0,0,1,LearningParams_Fit_alpha-beta-exp_neg-exp_pos_Fix_lossave,0.4,8544759,200166,0.18661524809786964,0.3879257531758175,0.499852226887944,0.6570256792054385,1.0,CV_LearningParams_Fit_alpha-beta-exp_neg-exp_pos_Fix_lossave_
1,0,2,LearningParams_Fit_alpha-beta-exp_neg-exp_pos_Fix_lossave,0.5333333333333333,8544759,200166,0.08795436623254274,0.3372768874401566,0.4998828494584542,0.6640089899198389,1.0,CV_LearningParams_Fit_alpha-beta-exp_neg-exp_pos_Fix_lossave_
2,0,3,LearningParams_Fit_alpha-beta-exp_neg-exp_pos_Fix_lossave,0.7555555555555555,8544759,200166,1.1243876222142022,0.06730515912294288,0.3858572631288413,0.6928690547215727,1.0,CV_LearningParams_Fit_alpha-beta-exp_neg-exp_pos_Fix_lossave_
3,0,4,LearningParams_Fit_alpha-beta-exp_neg-exp_pos_Fix_lossave,0.4666666666666667,8544759,200166,0.4507713760097829,0.12020524134953335,0.4494554544589023,0.6190756608215217,1.0,CV_LearningParams_Fit_alpha-beta-exp_neg-exp_pos_Fix_lossave_
0,0,1,LearningParams_Fit_alpha-beta-exp_neg-exp_pos_Fix_lossave,0.7777777777777778,8574469,408511,0.32556729211335256,0.3390559243201293,0.14763299725653778,0.4974961648320624,1.0,CV_LearningParams_Fit_alpha-beta-exp_neg-exp_pos_Fix_lossave_
1,0,2,LearningParams_Fit_alpha-beta-exp_neg-exp_pos_Fix_lossave,0.7111111111111111,8574469,408511,0.4033328718891406,0.4567812357923442,0.11060539963335453,0.4156399327597533,1.0,CV_LearningParams_Fit_alpha-beta-exp_neg-exp_pos_Fix_lossave_
2,0,3,LearningParams_Fit_alpha-beta-exp_neg-exp_pos_Fix_lossave,0.6,8574469,408511,0.2637955530359263,0.3829850511990074,0.0874954536365825,0.5221924740485984,1.0,CV_LearningParams_Fit_alpha-beta-exp_neg-exp_pos_Fix_lossave_
3,0,4,LearningParams_Fit_alpha-beta-exp_neg-exp_pos_Fix_lossave,0.5333333333333333,8574469,408511,0.5311672515251127,0.3948213347019631,0.0742135667394668,0.3508862024266946,1.0,CV_LearningParams_Fit_alpha-beta-exp_neg-exp_pos_Fix_lossave_
0,0,1,LearningParams_Fit_alpha-beta-exp_neg-exp_pos_Fix_lossave,0.24444444444444444,2294124,200164,0.06763716421185081,1.516175537641331,0.05,0.05,1.0,CV_LearningParams_Fit_alpha-beta-exp_neg-exp_pos_Fix_lossave_
1,0,2,LearningParams_Fit_alpha-beta-exp_neg-exp_pos_Fix_lossave,0.7111111111111111,2294124,200164,0.05,2.7200416373674767,0.05,0.14477026601197673,1.0,CV_LearningParams_Fit_alpha-beta-exp_neg-exp_pos_Fix_lossave_
2,0,3,LearningParams_Fit_alpha-beta-exp_neg-exp_pos_Fix_lossave,0.4444444444444444,2294124,200164,0.6915652656996232,0.3628499046832629,0.05358427802722696,0.07840778163763854,1.0,CV_LearningParams_Fit_alpha-beta-exp_neg-exp_pos_Fix_lossave_
3,0,4,LearningParams_Fit_alpha-beta-exp_neg-exp_pos_Fix_lossave,0.4,2294124,200164,0.05,2.017902607507675,0.23080961770283046,0.23007213945121704,1.0,CV_LearningParams_Fit_alpha-beta-exp_neg-exp_pos_Fix_lossave_
0,0,1,LearningParams_Fit_alpha-beta-exp_neg-exp_pos_Fix_lossave,0.8444444444444444,3441435,100063,1.9935159816426717,0.092780941787382,0.12000005494539252,0.3210633303950993,1.0,CV_LearningParams_Fit_alpha-beta-exp_neg-exp_pos_Fix_lossave_
1,0,2,LearningParams_Fit_alpha-beta-exp_neg-exp_pos_Fix_lossave,0.7111111111111111,3441435,100063,0.05,0.498611037315953,0.6898190050039525,1.0790665377823,1.0,CV_LearningParams_Fit_alpha-beta-exp_neg-exp_pos_Fix_lossave_
2,0,3,LearningParams_Fit_alpha-beta-exp_neg-exp_pos_Fix_lossave,0.4222222222222222,3441435,100063,0.05,0.4767833175143629,0.5599267572424538,0.6045525143959086,1.0,CV_LearningParams_Fit_alpha-beta-exp_neg-exp_pos_Fix_lossave_
3,0,4,LearningParams_Fit_alpha-beta-exp_neg-exp_pos_Fix_lossave,0.3111111111111111,3441435,100063,0.05,1.5077873044654055,0.49354241557260903,0.4453168812281127,1.0,CV_LearningParams_Fit_alpha-beta-exp_neg-exp_pos_Fix_lossave_
0,0,1,LearningParams_Fit_alpha-beta-exp_neg-exp_pos_Fix_lossave,0.7333333333333333,196314,200056,0.476612550741761,0.3407882739282432,0.05,0.15728551615037653,1.0,CV_LearningParams_Fit_alpha-beta-exp_neg-exp_pos_Fix_lossave_
1,0,2,LearningParams_Fit_alpha-beta-exp_neg-exp_pos_Fix_lossave,0.4,196314,200056,0.05,1.1513440808980102,0.05,0.16839468509462938,1.0,CV_LearningParams_Fit_alpha-beta-exp_neg-exp_pos_Fix_lossave_
2,0,3,LearningParams_Fit_alpha-beta-exp_neg-exp_pos_Fix_lossave,0.5555555555555556,196314,200056,0.3516085138954258,0.5846480218124679,0.08339628060874775,0.1815388193329049,1.0,CV_LearningParams_Fit_alpha-beta-exp_neg-exp_pos_Fix_lossave_
3,0,4,LearningParams_Fit_alpha-beta-exp_neg-exp_pos_Fix_lossave,0.5555555555555556,196314,200056,1.612757939212761,0.18296845085875973,0.07662087320859964,0.05,1.0,CV_LearningParams_Fit_alpha-beta-exp_neg-exp_pos_Fix_lossave_
0,0,1,LearningParams_Fit_alpha-beta-exp_neg-exp_pos_Fix_lossave,0.6666666666666666,2635114,200199,0.40747926659903794,0.3668853801011015,0.05,0.1459277109421941,1.0,CV_LearningParams_Fit_alpha-beta-exp_neg-exp_pos_Fix_lossave_
1,0,2,LearningParams_Fit_alpha-beta-exp_neg-exp_pos_Fix_lossave,0.4222222222222222,2635114,200199,0.3905208961666775,0.3125246177596922,0.05,0.12236260511709708,1.0,CV_LearningParams_Fit_alpha-beta-exp_neg-exp_pos_Fix_lossave_
2,0,3,LearningParams_Fit_alpha-beta-exp_neg-exp_pos_Fix_lossave,0.7333333333333333,2635114,200199,0.24982789991413595,0.3178948291741869,0.05,0.2270402879661201,1.0,CV_LearningParams_Fit_alpha-beta-exp_neg-exp_pos_Fix_lossave_
3,0,4,LearningParams_Fit_alpha-beta-exp_neg-exp_pos_Fix_lossave,0.6666666666666666,2635114,200199,0.0742538093362538,1.6107985537719007,0.05,0.1475719851565123,1.0,CV_LearningParams_Fit_alpha-beta-exp_neg-exp_pos_Fix_lossave_
0,0,1,LearningParams_Fit_alpha-beta-exp_neg-exp_pos_Fix_lossave,0.4888888888888889,9885960,306065,0.05,2.866389136037461,0.4494469862333744,0.4077698486593104,1.0,CV_LearningParams_Fit_alpha-beta-exp_neg-exp_pos_Fix_lossave_
1,0,2,LearningParams_Fit_alpha-beta-exp_neg-exp_pos_Fix_lossave,0.3555555555555556,9885960,306065,0.05,0.2474585390034945,0.8956702457417418,0.8428537538950599,1.0,CV_LearningParams_Fit_alpha-beta-exp_neg-exp_pos_Fix_lossave_
2,0,3,LearningParams_Fit_alpha-beta-exp_neg-exp_pos_Fix_lossave,0.37777777777777777,9885960,306065,0.05,5.097845406373444,0.3866154807969197,0.3254794283158408,1.0,CV_LearningParams_Fit_alpha-beta-exp_neg-exp_pos_Fix_lossave_
3,0,4,LearningParams_Fit_alpha-beta-exp_neg-exp_pos_Fix_lossave,0.3333333333333333,9885960,306065,1.2201176411124903,0.19061129074935929,0.3211546252877897,0.2698386070347805,1.0,CV_LearningParams_Fit_alpha-beta-exp_neg-exp_pos_Fix_lossave_
0,0,1,LearningParams_Fit_alpha-beta-exp_neg-exp_pos_Fix_lossave,0.5555555555555556,8946606,100042,0.9432722601316056,0.21057874295484208,0.2033415034479165,0.1901684109458794,1.0,CV_LearningParams_Fit_alpha-beta-exp_neg-exp_pos_Fix_lossave_
1,0,2,LearningParams_Fit_alpha-beta-exp_neg-exp_pos_Fix_lossave,0.37777777777777777,8946606,100042,1.2735549065823808,0.22850425157888665,0.2184800130841197,0.07685408986469931,1.0,CV_LearningParams_Fit_alpha-beta-exp_neg-exp_pos_Fix_lossave_
2,0,3,LearningParams_Fit_alpha-beta-exp_neg-exp_pos_Fix_lossave,0.3333333333333333,8946606,100042,1.024159517557207,0.21363531279610315,0.1819233279978842,0.1464281765872539,1.0,CV_LearningParams_Fit_alpha-beta-exp_neg-exp_pos_Fix_lossave_
3,0,4,LearningParams_Fit_alpha-beta-exp_neg-exp_pos_Fix_lossave,0.4444444444444444,8946606,100042,0.7883513103999129,0.215068425028546,0.1309165284504332,0.05,1.0,CV_LearningParams_Fit_alpha-beta-exp_neg-exp_pos_Fix_lossave_
0,0,1,LearningParams_Fit_alpha-beta-exp_neg-exp_pos_Fix_lossave,0.5555555555555556,7605125,200061,0.2844173471023474,0.284546428132192,0.5525803572457435,0.8820907671668937,1.0,CV_LearningParams_Fit_alpha-beta-exp_neg-exp_pos_Fix_lossave_
1,0,2,LearningParams_Fit_alpha-beta-exp_neg-exp_pos_Fix_lossave,0.3555555555555556,7605125,200061,0.05,4.762941500549604,0.4172172771771406,0.5145469338363942,1.0,CV_LearningParams_Fit_alpha-beta-exp_neg-exp_pos_Fix_lossave_
2,0,3,LearningParams_Fit_alpha-beta-exp_neg-exp_pos_Fix_lossave,0.7111111111111111,7605125,200061,0.05,0.6941914098301482,0.7060852661157482,1.259031401013322,1.0,CV_LearningParams_Fit_alpha-beta-exp_neg-exp_pos_Fix_lossave_
3,0,4,LearningParams_Fit_alpha-beta-exp_neg-exp_pos_Fix_lossave,0.5555555555555556,7605125,200061,0.05,1.0588887446529556,0.5481855481028872,0.7843095791053394,1.0,CV_LearningParams_Fit_alpha-beta-exp_neg-exp_pos_Fix_lossave_
0,0,1,LearningParams_Fit_alpha-beta-exp_neg-exp_pos_Fix_lossave,0.8444444444444444,9273016,406620,0.05,0.5065182830437588,0.8451669764873477,1.5574699673772083,1.0,CV_LearningParams_Fit_alpha-beta-exp_neg-exp_pos_Fix_lossave_
1,0,2,LearningParams_Fit_alpha-beta-exp_neg-exp_pos_Fix_lossave,0.2888888888888889,9273016,406620,0.05,0.09852691361234736,1.0875942646188004,1.3055950842294957,1.0,CV_LearningParams_Fit_alpha-beta-exp_neg-exp_pos_Fix_lossave_
2,0,3,LearningParams_Fit_alpha-beta-exp_neg-exp_pos_Fix_lossave,0.5333333333333333,9273016,406620,0.05,1.2338435483945354,0.6490837485930069,0.8482764955570391,1.0,CV_LearningParams_Fit_alpha-beta-exp_neg-exp_pos_Fix_lossave_
3,0,4,LearningParams_Fit_alpha-beta-exp_neg-exp_pos_Fix_lossave,0.4666666666666667,9273016,406620,0.05,1.73611014602772,0.5899477199571717,0.7319490866021666,1.0,CV_LearningParams_Fit_alpha-beta-exp_neg-exp_pos_Fix_lossave_
0,0,1,LearningParams_Fit_alpha-beta-exp_neg-exp_pos_Fix_lossave,0.5555555555555556,7503051,400742,0.30947779268219283,0.2659381008562331,0.05,0.09098216479090968,1.0,CV_LearningParams_Fit_alpha-beta-exp_neg-exp_pos_Fix_lossave_
1,0,2,LearningParams_Fit_alpha-beta-exp_neg-exp_pos_Fix_lossave,0.7333333333333333,7503051,400742,0.0877831215933234,0.8696756013780755,0.08095873836316568,0.05,1.0,CV_LearningParams_Fit_alpha-beta-exp_neg-exp_pos_Fix_lossave_
2,0,3,LearningParams_Fit_alpha-beta-exp_neg-exp_pos_Fix_lossave,0.5555555555555556,7503051,400742,0.08501336135862338,0.8873832171917413,0.05,0.05,1.0,CV_LearningParams_Fit_alpha-beta-exp_neg-exp_pos_Fix_lossave_
3,0,4,LearningParams_Fit_alpha-beta-exp_neg-exp_pos_Fix_lossave,0.3555555555555556,7503051,400742,0.21352071752822507,0.6633630210870457,0.05,0.05,1.0,CV_LearningParams_Fit_alpha-beta-exp_neg-exp_pos_Fix_lossave_
0,0,1,LearningParams_Fit_alpha-beta-exp_neg-exp_pos_Fix_lossave,0.5777777777777777,944823,100129,0.05,0.32266542025167,0.4974015150328954,0.7596815083748981,1.0,CV_LearningParams_Fit_alpha-beta-exp_neg-exp_pos_Fix_lossave_
1,0,2,LearningParams_Fit_alpha-beta-exp_neg-exp_pos_Fix_lossave,0.6666666666666666,944823,100129,0.05,2.14536685934282,0.24155678424042565,0.4888029691168913,1.0,CV_LearningParams_Fit_alpha-beta-exp_neg-exp_pos_Fix_lossave_
2,0,3,LearningParams_Fit_alpha-beta-exp_neg-exp_pos_Fix_lossave,0.7777777777777778,944823,100129,2.0,0.03434901943182176,0.05,0.6380194093659823,1.0,CV_LearningParams_Fit_alpha-beta-exp_neg-exp_pos_Fix_lossave_
3,0,4,LearningParams_Fit_alpha-beta-exp_neg-exp_pos_Fix_lossave,0.4666666666666667,944823,100129,0.05,1.0670225028615552,0.2995828186279736,0.5472666780531021,1.0,CV_LearningParams_Fit_alpha-beta-exp_neg-exp_pos_Fix_lossave_
0,0,1,LearningParams_Fit_alpha-beta-exp_neg-exp_pos_Fix_lossave,0.4888888888888889,5836688,200088,0.7401736090743309,0.13968616968583988,0.3168963173170829,0.42361984035282896,1.0,CV_LearningParams_Fit_alpha-beta-exp_neg-exp_pos_Fix_lossave_
1,0,2,LearningParams_Fit_alpha-beta-exp_neg-exp_pos_Fix_lossave,0.4888888888888889,5836688,200088,0.12386998513400214,1.2143496134554306,0.4114035243401954,0.4090732732999337,1.0,CV_LearningParams_Fit_alpha-beta-exp_neg-exp_pos_Fix_lossave_
2,0,3,LearningParams_Fit_alpha-beta-exp_neg-exp_pos_Fix_lossave,0.3111111111111111,5836688,200088,0.05,0.4813252135971031,0.6546886007086619,0.6671329256524497,1.0,CV_LearningParams_Fit_alpha-beta-exp_neg-exp_pos_Fix_lossave_
3,0,4,LearningParams_Fit_alpha-beta-exp_neg-exp_pos_Fix_lossave,0.4666666666666667,5836688,200088,1.2727859749506556,0.13629211450636827,0.41307238144416186,0.40839744493574,1.0,CV_LearningParams_Fit_alpha-beta-exp_neg-exp_pos_Fix_lossave_
0,0,1,LearningParams_Fit_alpha-beta-exp_neg-exp_pos_Fix_lossave,0.7777777777777778,2324534,200213,0.20267390148647985,0.047994225721728616,0.6958385931124201,1.0183809000161426,1.0,CV_LearningParams_Fit_alpha-beta-exp_neg-exp_pos_Fix_lossave_
1,0,2,LearningParams_Fit_alpha-beta-exp_neg-exp_pos_Fix_lossave,0.37777777777777777,2324534,200213,0.05,0.06756202072629354,0.9912241352683544,1.2607331234818633,1.0,CV_LearningParams_Fit_alpha-beta-exp_neg-exp_pos_Fix_lossave_
2,0,3,LearningParams_Fit_alpha-beta-exp_neg-exp_pos_Fix_lossave,0.5111111111111111,2324534,200213,0.05,0.3617241123017014,0.6230133113746497,0.8016011977627785,1.0,CV_LearningParams_Fit_alpha-beta-exp_neg-exp_pos_Fix_lossave_
3,0,4,LearningParams_Fit_alpha-beta-exp_neg-exp_pos_Fix_lossave,0.5555555555555556,2324534,200213,0.05,0.11609434812837392,0.8750043472417609,1.0147497593982795,1.0,CV_LearningParams_Fit_alpha-beta-exp_neg-exp_pos_Fix_lossave_
0,0,1,LearningParams_Fit_alpha-beta-exp_neg-exp_pos_Fix_lossave,0.8444444444444444,7237773,406980,0.05,0.2201536013670756,0.05,0.8101754842755033,1.0,CV_LearningParams_Fit_alpha-beta-exp_neg-exp_pos_Fix_lossave_
1,0,2,LearningParams_Fit_alpha-beta-exp_neg-exp_pos_Fix_lossave,0.4888888888888889,7237773,406980,0.3121873667215091,0.05653116290884187,0.2977562157875546,0.7150824606357359,1.0,CV_LearningParams_Fit_alpha-beta-exp_neg-exp_pos_Fix_lossave_
2,0,3,LearningParams_Fit_alpha-beta-exp_neg-exp_pos_Fix_lossave,0.6222222222222222,7237773,406980,0.11705004710827045,0.20632884868833287,0.1518819065251858,0.7100671728379219,1.0,CV_LearningParams_Fit_alpha-beta-exp_neg-exp_pos_Fix_lossave_
3,0,4,LearningParams_Fit_alpha-beta-exp_neg-exp_pos_Fix_lossave,0.7555555555555555,7237773,406980,0.09939521349130873,0.3842551260583413,0.05,0.5679867025838802,1.0,CV_LearningParams_Fit_alpha-beta-exp_neg-exp_pos_Fix_lossave_
0,0,1,LearningParams_Fit_alpha-beta-exp_neg-exp_pos_Fix_lossave,0.6888888888888889,812777,200133,0.0518641030164947,0.0250851822009468,1.0450769895461418,1.2140026959305654,1.0,CV_LearningParams_Fit_alpha-beta-exp_neg-exp_pos_Fix_lossave_
1,0,2,LearningParams_Fit_alpha-beta-exp_neg-exp_pos_Fix_lossave,0.7111111111111111,812777,200133,0.07288839473851988,0.0530760539183878,0.7981485798259598,1.0082385126316402,1.0,CV_LearningParams_Fit_alpha-beta-exp_neg-exp_pos_Fix_lossave_
2,0,3,LearningParams_Fit_alpha-beta-exp_neg-exp_pos_Fix_lossave,0.2888888888888889,812777,200133,0.05,0.23338634379795625,0.6759492634574291,0.7312475448944757,1.0,CV_LearningParams_Fit_alpha-beta-exp_neg-exp_pos_Fix_lossave_
3,0,4,LearningParams_Fit_alpha-beta-exp_neg-exp_pos_Fix_lossave,0.7333333333333333,812777,200133,0.7464888529059759,0.031599328690169716,0.5060087751724209,0.6778367277750109,1.0,CV_LearningParams_Fit_alpha-beta-exp_neg-exp_pos_Fix_lossave_
0,0,1,LearningParams_Fit_alpha-beta-exp_neg-exp_pos_Fix_lossave,0.7777777777777778,8188907,408988,0.05,12.729874117083769,0.3187025663969406,0.16568811308218906,1.0,CV_LearningParams_Fit_alpha-beta-exp_neg-exp_pos_Fix_lossave_
1,0,2,LearningParams_Fit_alpha-beta-exp_neg-exp_pos_Fix_lossave,0.4888888888888889,8188907,408988,2.0,0.03521296883063675,0.8540694258333491,1.1756918923647204,1.0,CV_LearningParams_Fit_alpha-beta-exp_neg-exp_pos_Fix_lossave_
2,0,3,LearningParams_Fit_alpha-beta-exp_neg-exp_pos_Fix_lossave,0.2888888888888889,8188907,408988,0.05,13.042126597716127,0.3649468804542055,0.129602934696413,1.0,CV_LearningParams_Fit_alpha-beta-exp_neg-exp_pos_Fix_lossave_
3,0,4,LearningParams_Fit_alpha-beta-exp_neg-exp_pos_Fix_lossave,0.4,8188907,408988,0.05,10.777974688750279,0.3804897290510783,0.17193198455703745,1.0,CV_LearningParams_Fit_alpha-beta-exp_neg-exp_pos_Fix_lossave_
0,0,1,LearningParams_Fit_alpha-beta-exp_neg-exp_pos_Fix_lossave,0.5111111111111111,4952552,311283,0.4713677895830402,0.1765904958264129,0.05,0.21673850888006496,1.0,CV_LearningParams_Fit_alpha-beta-exp_neg-exp_pos_Fix_lossave_
1,0,2,LearningParams_Fit_alpha-beta-exp_neg-exp_pos_Fix_lossave,0.5333333333333333,4952552,311283,1.333727704250731,0.0389175185101544,0.4000406424171182,0.5211265435133298,1.0,CV_LearningParams_Fit_alpha-beta-exp_neg-exp_pos_Fix_lossave_
2,0,3,LearningParams_Fit_alpha-beta-exp_neg-exp_pos_Fix_lossave,0.4666666666666667,4952552,311283,0.7396570248782759,0.10952855549336774,0.2636755901320433,0.3753369525288582,1.0,CV_LearningParams_Fit_alpha-beta-exp_neg-exp_pos_Fix_lossave_
3,0,4,LearningParams_Fit_alpha-beta-exp_neg-exp_pos_Fix_lossave,0.7333333333333333,4952552,311283,0.2635956057503056,0.11726004477037565,0.3048326626450301,0.5363672026677887,1.0,CV_LearningParams_Fit_alpha-beta-exp_neg-exp_pos_Fix_lossave_
0,0,1,LearningParams_Fit_alpha-beta-exp_neg-exp_pos_Fix_lossave,0.26666666666666666,961143,100250,0.05,2.475152980767087,0.4078813515910785,0.05,1.0,CV_LearningParams_Fit_alpha-beta-exp_neg-exp_pos_Fix_lossave_
1,0,2,LearningParams_Fit_alpha-beta-exp_neg-exp_pos_Fix_lossave,0.26666666666666666,961143,100250,0.05,1.6690981271192475,0.4541735570609473,0.05,1.0,CV_LearningParams_Fit_alpha-beta-exp_neg-exp_pos_Fix_lossave_
2,0,3,LearningParams_Fit_alpha-beta-exp_neg-exp_pos_Fix_lossave,0.5333333333333333,961143,100250,0.05,1.6254004404492626,0.3765117505376879,0.05,1.0,CV_LearningParams_Fit_alpha-beta-exp_neg-exp_pos_Fix_lossave_
3,0,4,LearningParams_Fit_alpha-beta-exp_neg-exp_pos_Fix_lossave,0.6444444444444445,961143,100250,0.5395845914894688,0.2054449781273991,0.3830376383627265,0.05,1.0,CV_LearningParams_Fit_alpha-beta-exp_neg-exp_pos_Fix_lossave_
0,0,1,LearningParams_Fit_alpha-beta-exp_neg-exp_pos_Fix_lossave,0.2888888888888889,6473538,408952,0.05,0.10220913919316832,0.982727676261518,1.0401424032466495,1.0,CV_LearningParams_Fit_alpha-beta-exp_neg-exp_pos_Fix_lossave_
1,0,2,LearningParams_Fit_alpha-beta-exp_neg-exp_pos_Fix_lossave,0.6888888888888889,6473538,408952,0.05,0.19445139693112148,0.8423099344629819,1.112087495126949,1.0,CV_LearningParams_Fit_alpha-beta-exp_neg-exp_pos_Fix_lossave_
2,0,3,LearningParams_Fit_alpha-beta-exp_neg-exp_pos_Fix_lossave,0.6222222222222222,6473538,408952,0.05,0.1625371730694595,0.9260057341302852,0.9325372265853372,1.0,CV_LearningParams_Fit_alpha-beta-exp_neg-exp_pos_Fix_lossave_
3,0,4,LearningParams_Fit_alpha-beta-exp_neg-exp_pos_Fix_lossave,0.4,6473538,408952,0.13516966032001015,0.264084909435342,0.682598706890498,0.7157178658254795,1.0,CV_LearningParams_Fit_alpha-beta-exp_neg-exp_pos_Fix_lossave_
