,Unnamed: 0,fold,model_name,pred_acc,seed,sub_id,xopt_alpha_neg,xopt_alpha_pos,xopt_beta,xopt_exp,xopt_lossave,model
0,0,1,LearningParams_Fit_alpha_neg-alpha_pos-beta-exp_Fix_lossave,0.6,7808500,100214,0.05,0.2171159341281275,0.0264381906617571,0.8976951401431961,1.0,CV_LearningParams_Fit_alpha_neg-alpha_pos-beta-exp_Fix_lossave_
1,0,2,LearningParams_Fit_alpha_neg-alpha_pos-beta-exp_Fix_lossave,0.4,7808500,100214,0.05,0.9394806388845036,0.009627162180014043,0.7503705585905424,1.0,CV_LearningParams_Fit_alpha_neg-alpha_pos-beta-exp_Fix_lossave_
2,0,3,LearningParams_Fit_alpha_neg-alpha_pos-beta-exp_Fix_lossave,0.6666666666666666,7808500,100214,0.05,0.10696934884114942,0.16569320858686132,0.6308641662020116,1.0,CV_LearningParams_Fit_alpha_neg-alpha_pos-beta-exp_Fix_lossave_
3,0,4,LearningParams_Fit_alpha_neg-alpha_pos-beta-exp_Fix_lossave,0.8888888888888888,7808500,100214,0.05,2.0,0.009263067593052272,0.7999079250854864,1.0,CV_LearningParams_Fit_alpha_neg-alpha_pos-beta-exp_Fix_lossave_
0,0,1,LearningParams_Fit_alpha_neg-alpha_pos-beta-exp_Fix_lossave,0.5777777777777777,8643197,200148,0.3607070959276836,1.720229472583671,0.05901843246769339,0.5969428196911359,1.0,CV_LearningParams_Fit_alpha_neg-alpha_pos-beta-exp_Fix_lossave_
1,0,2,LearningParams_Fit_alpha_neg-alpha_pos-beta-exp_Fix_lossave,0.7333333333333333,8643197,200148,0.1274133498489433,0.4209787296192717,0.05333465378836655,0.8761440422966688,1.0,CV_LearningParams_Fit_alpha_neg-alpha_pos-beta-exp_Fix_lossave_
2,0,3,LearningParams_Fit_alpha_neg-alpha_pos-beta-exp_Fix_lossave,0.4,8643197,200148,0.05,0.09929191140412952,0.08454015909848794,0.9819533768634916,1.0,CV_LearningParams_Fit_alpha_neg-alpha_pos-beta-exp_Fix_lossave_
3,0,4,LearningParams_Fit_alpha_neg-alpha_pos-beta-exp_Fix_lossave,0.4888888888888889,8643197,200148,0.0867759211888654,0.44578493039315903,0.04816785070227556,0.9909175706427734,1.0,CV_LearningParams_Fit_alpha_neg-alpha_pos-beta-exp_Fix_lossave_
0,0,1,LearningParams_Fit_alpha_neg-alpha_pos-beta-exp_Fix_lossave,0.5777777777777777,9885461,408511,0.2798292872112452,0.8748587723938728,0.4820966620591479,0.1545908262722139,1.0,CV_LearningParams_Fit_alpha_neg-alpha_pos-beta-exp_Fix_lossave_
1,0,2,LearningParams_Fit_alpha_neg-alpha_pos-beta-exp_Fix_lossave,0.7333333333333333,9885461,408511,0.2694771834038459,0.7965587780033649,0.4667408450751353,0.3486782984184882,1.0,CV_LearningParams_Fit_alpha_neg-alpha_pos-beta-exp_Fix_lossave_
2,0,3,LearningParams_Fit_alpha_neg-alpha_pos-beta-exp_Fix_lossave,0.8222222222222222,9885461,408511,0.17462212812650627,2.0,0.1423521490054923,0.26231224577203033,1.0,CV_LearningParams_Fit_alpha_neg-alpha_pos-beta-exp_Fix_lossave_
3,0,4,LearningParams_Fit_alpha_neg-alpha_pos-beta-exp_Fix_lossave,0.5555555555555556,9885461,408511,0.1489565712619647,0.36523224283008016,0.5191685641075187,0.4351492426154337,1.0,CV_LearningParams_Fit_alpha_neg-alpha_pos-beta-exp_Fix_lossave_
0,0,1,LearningParams_Fit_alpha_neg-alpha_pos-beta-exp_Fix_lossave,0.5777777777777777,250243,200061,0.05,0.17080202021751206,0.2480662166821444,0.9191560242410184,1.0,CV_LearningParams_Fit_alpha_neg-alpha_pos-beta-exp_Fix_lossave_
1,0,2,LearningParams_Fit_alpha_neg-alpha_pos-beta-exp_Fix_lossave,0.5777777777777777,250243,200061,0.05,0.11739545212930785,2.409429758402511,0.5270684647889915,1.0,CV_LearningParams_Fit_alpha_neg-alpha_pos-beta-exp_Fix_lossave_
2,0,3,LearningParams_Fit_alpha_neg-alpha_pos-beta-exp_Fix_lossave,0.7555555555555555,250243,200061,0.05,0.3023893037996956,0.8141933585103388,0.7304576319683989,1.0,CV_LearningParams_Fit_alpha_neg-alpha_pos-beta-exp_Fix_lossave_
3,0,4,LearningParams_Fit_alpha_neg-alpha_pos-beta-exp_Fix_lossave,0.5555555555555556,250243,200061,0.05,2.0,0.020477673698609297,1.1260211371018722,1.0,CV_LearningParams_Fit_alpha_neg-alpha_pos-beta-exp_Fix_lossave_
0,0,1,LearningParams_Fit_alpha_neg-alpha_pos-beta-exp_Fix_lossave,0.15555555555555556,1266970,100143,0.08168653121819817,0.05,2.8299510164149773,0.05,1.0,CV_LearningParams_Fit_alpha_neg-alpha_pos-beta-exp_Fix_lossave_
1,0,2,LearningParams_Fit_alpha_neg-alpha_pos-beta-exp_Fix_lossave,0.6,1266970,100143,0.06152061526436772,0.07898906531290249,1.6514230126545058,0.05,1.0,CV_LearningParams_Fit_alpha_neg-alpha_pos-beta-exp_Fix_lossave_
2,0,3,LearningParams_Fit_alpha_neg-alpha_pos-beta-exp_Fix_lossave,0.6666666666666666,1266970,100143,0.0642824866195312,0.07053064029164324,1.7866100149508168,0.05,1.0,CV_LearningParams_Fit_alpha_neg-alpha_pos-beta-exp_Fix_lossave_
3,0,4,LearningParams_Fit_alpha_neg-alpha_pos-beta-exp_Fix_lossave,0.5333333333333333,1266970,100143,1.8246156363976185,2.0,0.2958623189559342,0.05,1.0,CV_LearningParams_Fit_alpha_neg-alpha_pos-beta-exp_Fix_lossave_
0,0,1,LearningParams_Fit_alpha_neg-alpha_pos-beta-exp_Fix_lossave,0.6888888888888889,719508,311444,0.05,0.7854291289177261,0.039064060633480335,0.6740865816584886,1.0,CV_LearningParams_Fit_alpha_neg-alpha_pos-beta-exp_Fix_lossave_
1,0,2,LearningParams_Fit_alpha_neg-alpha_pos-beta-exp_Fix_lossave,0.8444444444444444,719508,311444,0.05,2.0,0.01421903926909258,0.8494853194895193,1.0,CV_LearningParams_Fit_alpha_neg-alpha_pos-beta-exp_Fix_lossave_
2,0,3,LearningParams_Fit_alpha_neg-alpha_pos-beta-exp_Fix_lossave,0.6,719508,311444,0.05,0.4849474324755493,0.04326687721845647,0.6938367642820092,1.0,CV_LearningParams_Fit_alpha_neg-alpha_pos-beta-exp_Fix_lossave_
3,0,4,LearningParams_Fit_alpha_neg-alpha_pos-beta-exp_Fix_lossave,0.4444444444444444,719508,311444,0.05,0.31775975625754843,0.04496543841740905,0.7796529065351739,1.0,CV_LearningParams_Fit_alpha_neg-alpha_pos-beta-exp_Fix_lossave_
0,0,1,LearningParams_Fit_alpha_neg-alpha_pos-beta-exp_Fix_lossave,0.4444444444444444,8391696,100063,1.2174565157027712,2.0,0.07098947222524196,0.3507396471022817,1.0,CV_LearningParams_Fit_alpha_neg-alpha_pos-beta-exp_Fix_lossave_
1,0,2,LearningParams_Fit_alpha_neg-alpha_pos-beta-exp_Fix_lossave,0.7111111111111111,8391696,100063,0.05,0.06804655027101482,0.7460936204234724,0.5270864625375777,1.0,CV_LearningParams_Fit_alpha_neg-alpha_pos-beta-exp_Fix_lossave_
2,0,3,LearningParams_Fit_alpha_neg-alpha_pos-beta-exp_Fix_lossave,0.6444444444444445,8391696,100063,0.05428142833709915,0.05,1.3723985999054065,0.4837371680682133,1.0,CV_LearningParams_Fit_alpha_neg-alpha_pos-beta-exp_Fix_lossave_
3,0,4,LearningParams_Fit_alpha_neg-alpha_pos-beta-exp_Fix_lossave,0.37777777777777777,8391696,100063,1.0060767762746656,2.0,0.07575939127714164,0.3373802670735713,1.0,CV_LearningParams_Fit_alpha_neg-alpha_pos-beta-exp_Fix_lossave_
0,0,1,LearningParams_Fit_alpha_neg-alpha_pos-beta-exp_Fix_lossave,0.8888888888888888,6547112,100129,0.05,2.0,0.03819617698094989,0.5392874007559071,1.0,CV_LearningParams_Fit_alpha_neg-alpha_pos-beta-exp_Fix_lossave_
1,0,2,LearningParams_Fit_alpha_neg-alpha_pos-beta-exp_Fix_lossave,0.5555555555555556,6547112,100129,0.05375077156307645,2.0,0.03200412539171781,0.4828126606014583,1.0,CV_LearningParams_Fit_alpha_neg-alpha_pos-beta-exp_Fix_lossave_
2,0,3,LearningParams_Fit_alpha_neg-alpha_pos-beta-exp_Fix_lossave,0.6,6547112,100129,0.05,0.16535574293265698,0.7000885511597278,0.4378007389995214,1.0,CV_LearningParams_Fit_alpha_neg-alpha_pos-beta-exp_Fix_lossave_
3,0,4,LearningParams_Fit_alpha_neg-alpha_pos-beta-exp_Fix_lossave,0.8,6547112,100129,0.06083269893752277,1.9957683568364633,0.0278109816164604,0.8500885508194066,1.0,CV_LearningParams_Fit_alpha_neg-alpha_pos-beta-exp_Fix_lossave_
0,0,1,LearningParams_Fit_alpha_neg-alpha_pos-beta-exp_Fix_lossave,0.4666666666666667,1643036,311479,2.0,1.9999445756243857,0.20774857265179225,0.10534979871784036,1.0,CV_LearningParams_Fit_alpha_neg-alpha_pos-beta-exp_Fix_lossave_
1,0,2,LearningParams_Fit_alpha_neg-alpha_pos-beta-exp_Fix_lossave,0.6666666666666666,1643036,311479,0.5559591812451188,1.0265336432054877,0.2749270797670337,0.11819900812865484,1.0,CV_LearningParams_Fit_alpha_neg-alpha_pos-beta-exp_Fix_lossave_
2,0,3,LearningParams_Fit_alpha_neg-alpha_pos-beta-exp_Fix_lossave,0.7111111111111111,1643036,311479,1.3430203888020162,1.7114153725220502,0.31037342277010616,0.05629237199821576,1.0,CV_LearningParams_Fit_alpha_neg-alpha_pos-beta-exp_Fix_lossave_
3,0,4,LearningParams_Fit_alpha_neg-alpha_pos-beta-exp_Fix_lossave,0.3555555555555556,1643036,311479,1.034413591994998,1.021662392770143,0.23436396460474104,0.05,1.0,CV_LearningParams_Fit_alpha_neg-alpha_pos-beta-exp_Fix_lossave_
0,0,1,LearningParams_Fit_alpha_neg-alpha_pos-beta-exp_Fix_lossave,0.7777777777777778,1710326,407209,0.38228067591276665,1.4364968471213535,0.08940930826098982,0.4777218052546996,1.0,CV_LearningParams_Fit_alpha_neg-alpha_pos-beta-exp_Fix_lossave_
1,0,2,LearningParams_Fit_alpha_neg-alpha_pos-beta-exp_Fix_lossave,0.5777777777777777,1710326,407209,0.05,0.6714764973230983,0.03346465785268698,1.0396558458803042,1.0,CV_LearningParams_Fit_alpha_neg-alpha_pos-beta-exp_Fix_lossave_
2,0,3,LearningParams_Fit_alpha_neg-alpha_pos-beta-exp_Fix_lossave,0.5777777777777777,1710326,407209,0.6071866287351292,2.0,0.058580940446650576,0.41078935035014735,1.0,CV_LearningParams_Fit_alpha_neg-alpha_pos-beta-exp_Fix_lossave_
3,0,4,LearningParams_Fit_alpha_neg-alpha_pos-beta-exp_Fix_lossave,0.4444444444444444,1710326,407209,0.4871574060848201,2.0,0.0522346144577081,0.4221999589014479,1.0,CV_LearningParams_Fit_alpha_neg-alpha_pos-beta-exp_Fix_lossave_
0,0,1,LearningParams_Fit_alpha_neg-alpha_pos-beta-exp_Fix_lossave,0.7111111111111111,8209692,100180,0.05,2.0,1.278878333142361,0.1710053192146346,1.0,CV_LearningParams_Fit_alpha_neg-alpha_pos-beta-exp_Fix_lossave_
1,0,2,LearningParams_Fit_alpha_neg-alpha_pos-beta-exp_Fix_lossave,0.8666666666666667,8209692,100180,0.05,2.0,0.9376982208777732,0.1809816350295945,1.0,CV_LearningParams_Fit_alpha_neg-alpha_pos-beta-exp_Fix_lossave_
2,0,3,LearningParams_Fit_alpha_neg-alpha_pos-beta-exp_Fix_lossave,0.8666666666666667,8209692,100180,0.05,2.0,1.232156915120847,0.20440290205985545,1.0,CV_LearningParams_Fit_alpha_neg-alpha_pos-beta-exp_Fix_lossave_
3,0,4,LearningParams_Fit_alpha_neg-alpha_pos-beta-exp_Fix_lossave,0.5555555555555556,8209692,100180,0.05,2.0,1.9347283513189888,0.11469358000522027,1.0,CV_LearningParams_Fit_alpha_neg-alpha_pos-beta-exp_Fix_lossave_
0,0,1,LearningParams_Fit_alpha_neg-alpha_pos-beta-exp_Fix_lossave,0.5777777777777777,5726523,200213,0.05,0.08493693490666146,0.14633523845373245,0.8718780255636879,1.0,CV_LearningParams_Fit_alpha_neg-alpha_pos-beta-exp_Fix_lossave_
1,0,2,LearningParams_Fit_alpha_neg-alpha_pos-beta-exp_Fix_lossave,0.4444444444444444,5726523,200213,0.29556684715682896,0.8773984871794359,0.040295650362170594,0.7754445319646849,1.0,CV_LearningParams_Fit_alpha_neg-alpha_pos-beta-exp_Fix_lossave_
2,0,3,LearningParams_Fit_alpha_neg-alpha_pos-beta-exp_Fix_lossave,0.7555555555555555,5726523,200213,0.05,0.2479103578668923,0.12978008135264135,0.8711842993636704,1.0,CV_LearningParams_Fit_alpha_neg-alpha_pos-beta-exp_Fix_lossave_
3,0,4,LearningParams_Fit_alpha_neg-alpha_pos-beta-exp_Fix_lossave,0.5333333333333333,5726523,200213,0.05,0.118664988300169,0.15175751286335493,0.7849993609302962,1.0,CV_LearningParams_Fit_alpha_neg-alpha_pos-beta-exp_Fix_lossave_
0,0,1,LearningParams_Fit_alpha_neg-alpha_pos-beta-exp_Fix_lossave,0.4666666666666667,2232145,100103,0.05,0.05,0.0,0.05,1.0,CV_LearningParams_Fit_alpha_neg-alpha_pos-beta-exp_Fix_lossave_
1,0,2,LearningParams_Fit_alpha_neg-alpha_pos-beta-exp_Fix_lossave,0.4888888888888889,2232145,100103,0.0872815334130564,0.058859598213794974,0.08792776504444283,1.0153364732920394,1.0,CV_LearningParams_Fit_alpha_neg-alpha_pos-beta-exp_Fix_lossave_
2,0,3,LearningParams_Fit_alpha_neg-alpha_pos-beta-exp_Fix_lossave,0.8444444444444444,2232145,100103,0.09081735606052854,0.05,0.14479339276797645,0.9049075883775438,1.0,CV_LearningParams_Fit_alpha_neg-alpha_pos-beta-exp_Fix_lossave_
3,0,4,LearningParams_Fit_alpha_neg-alpha_pos-beta-exp_Fix_lossave,0.5111111111111111,2232145,100103,0.1123084379637646,0.05,0.2812142035011612,0.7855891315838459,1.0,CV_LearningParams_Fit_alpha_neg-alpha_pos-beta-exp_Fix_lossave_
0,0,1,LearningParams_Fit_alpha_neg-alpha_pos-beta-exp_Fix_lossave,0.7555555555555555,5402128,200173,0.06529077340695343,0.05,0.48651915430972204,0.8500415835299723,1.0,CV_LearningParams_Fit_alpha_neg-alpha_pos-beta-exp_Fix_lossave_
1,0,2,LearningParams_Fit_alpha_neg-alpha_pos-beta-exp_Fix_lossave,0.3333333333333333,5402128,200173,0.05,1.2206730642147612,0.027926002269595025,0.913400648979053,1.0,CV_LearningParams_Fit_alpha_neg-alpha_pos-beta-exp_Fix_lossave_
2,0,3,LearningParams_Fit_alpha_neg-alpha_pos-beta-exp_Fix_lossave,0.8666666666666667,5402128,200173,0.05,0.08074488778001596,0.1450199803668672,1.2441511515508337,1.0,CV_LearningParams_Fit_alpha_neg-alpha_pos-beta-exp_Fix_lossave_
3,0,4,LearningParams_Fit_alpha_neg-alpha_pos-beta-exp_Fix_lossave,0.6444444444444445,5402128,200173,0.05732922880759345,0.05,0.5354395510352202,0.8538939519874612,1.0,CV_LearningParams_Fit_alpha_neg-alpha_pos-beta-exp_Fix_lossave_
0,0,1,LearningParams_Fit_alpha_neg-alpha_pos-beta-exp_Fix_lossave,0.5111111111111111,7936549,100068,1.064607474798898,0.8420075820081325,0.4834036086404029,0.2077051101959157,1.0,CV_LearningParams_Fit_alpha_neg-alpha_pos-beta-exp_Fix_lossave_
1,0,2,LearningParams_Fit_alpha_neg-alpha_pos-beta-exp_Fix_lossave,0.7777777777777778,7936549,100068,0.2465375153545219,0.2103661281644676,0.9011260600411736,0.22025684600195186,1.0,CV_LearningParams_Fit_alpha_neg-alpha_pos-beta-exp_Fix_lossave_
2,0,3,LearningParams_Fit_alpha_neg-alpha_pos-beta-exp_Fix_lossave,0.17777777777777778,7936549,100068,0.0810261923631725,0.05,2.896921559253107,0.3167061701275514,1.0,CV_LearningParams_Fit_alpha_neg-alpha_pos-beta-exp_Fix_lossave_
3,0,4,LearningParams_Fit_alpha_neg-alpha_pos-beta-exp_Fix_lossave,0.3111111111111111,7936549,100068,2.0,1.5126165129901887,0.3294840257552765,0.21028575508750505,1.0,CV_LearningParams_Fit_alpha_neg-alpha_pos-beta-exp_Fix_lossave_
0,0,1,LearningParams_Fit_alpha_neg-alpha_pos-beta-exp_Fix_lossave,0.7777777777777778,6651224,100207,0.05,0.08679737539486916,1.3560575882374852,0.32628476355036284,1.0,CV_LearningParams_Fit_alpha_neg-alpha_pos-beta-exp_Fix_lossave_
1,0,2,LearningParams_Fit_alpha_neg-alpha_pos-beta-exp_Fix_lossave,0.6222222222222222,6651224,100207,0.05,0.08392987952556963,1.0793141426104125,0.30869654936753577,1.0,CV_LearningParams_Fit_alpha_neg-alpha_pos-beta-exp_Fix_lossave_
2,0,3,LearningParams_Fit_alpha_neg-alpha_pos-beta-exp_Fix_lossave,0.6,6651224,100207,0.05,0.07960858728102764,1.3487182374170812,0.28263446239208545,1.0,CV_LearningParams_Fit_alpha_neg-alpha_pos-beta-exp_Fix_lossave_
3,0,4,LearningParams_Fit_alpha_neg-alpha_pos-beta-exp_Fix_lossave,0.4222222222222222,6651224,100207,0.05,0.07349693384894405,1.0356032848883734,0.30318867250060755,1.0,CV_LearningParams_Fit_alpha_neg-alpha_pos-beta-exp_Fix_lossave_
0,0,1,LearningParams_Fit_alpha_neg-alpha_pos-beta-exp_Fix_lossave,0.6888888888888889,6573793,310949,0.4769939520003965,2.0,0.06779960774571403,0.5010111929724581,1.0,CV_LearningParams_Fit_alpha_neg-alpha_pos-beta-exp_Fix_lossave_
1,0,2,LearningParams_Fit_alpha_neg-alpha_pos-beta-exp_Fix_lossave,0.4666666666666667,6573793,310949,0.6158582858396761,2.0,0.1399253449254829,0.43471413643442736,1.0,CV_LearningParams_Fit_alpha_neg-alpha_pos-beta-exp_Fix_lossave_
2,0,3,LearningParams_Fit_alpha_neg-alpha_pos-beta-exp_Fix_lossave,0.7555555555555555,6573793,310949,0.05,0.16779083115163165,0.4674961538865264,0.6350420077401266,1.0,CV_LearningParams_Fit_alpha_neg-alpha_pos-beta-exp_Fix_lossave_
3,0,4,LearningParams_Fit_alpha_neg-alpha_pos-beta-exp_Fix_lossave,0.4666666666666667,6573793,310949,0.37047208467466025,0.7768113674605268,0.18852519811301505,0.4997734619508534,1.0,CV_LearningParams_Fit_alpha_neg-alpha_pos-beta-exp_Fix_lossave_
0,0,1,LearningParams_Fit_alpha_neg-alpha_pos-beta-exp_Fix_lossave,0.5555555555555556,785920,200168,1.0069916602173394,1.2697675317347543,0.3169435409435677,0.05,1.0,CV_LearningParams_Fit_alpha_neg-alpha_pos-beta-exp_Fix_lossave_
1,0,2,LearningParams_Fit_alpha_neg-alpha_pos-beta-exp_Fix_lossave,0.4222222222222222,785920,200168,0.3153729539801929,0.2357974161867025,0.8160582516605985,0.05,1.0,CV_LearningParams_Fit_alpha_neg-alpha_pos-beta-exp_Fix_lossave_
2,0,3,LearningParams_Fit_alpha_neg-alpha_pos-beta-exp_Fix_lossave,0.5777777777777777,785920,200168,1.1904787954834306,0.9537646556856052,0.23373311947626615,0.05,1.0,CV_LearningParams_Fit_alpha_neg-alpha_pos-beta-exp_Fix_lossave_
3,0,4,LearningParams_Fit_alpha_neg-alpha_pos-beta-exp_Fix_lossave,0.6,785920,200168,0.8304723005000701,0.8355792405462257,0.4439989196632447,0.05859554177125216,1.0,CV_LearningParams_Fit_alpha_neg-alpha_pos-beta-exp_Fix_lossave_
0,0,1,LearningParams_Fit_alpha_neg-alpha_pos-beta-exp_Fix_lossave,0.6666666666666666,957581,200166,0.05,0.1504085485428597,0.19928171162680994,0.6566999849502789,1.0,CV_LearningParams_Fit_alpha_neg-alpha_pos-beta-exp_Fix_lossave_
1,0,2,LearningParams_Fit_alpha_neg-alpha_pos-beta-exp_Fix_lossave,0.5111111111111111,957581,200166,0.6571507169057417,1.5158043935287602,0.1523141165652064,0.41993143123726173,1.0,CV_LearningParams_Fit_alpha_neg-alpha_pos-beta-exp_Fix_lossave_
2,0,3,LearningParams_Fit_alpha_neg-alpha_pos-beta-exp_Fix_lossave,0.6,957581,200166,0.05,0.1546526161809389,0.21345001168555655,0.7648313426462521,1.0,CV_LearningParams_Fit_alpha_neg-alpha_pos-beta-exp_Fix_lossave_
3,0,4,LearningParams_Fit_alpha_neg-alpha_pos-beta-exp_Fix_lossave,0.37777777777777777,957581,200166,0.4975057889101978,1.2278250846021883,0.09401901205342207,0.5682242069678066,1.0,CV_LearningParams_Fit_alpha_neg-alpha_pos-beta-exp_Fix_lossave_
0,0,1,LearningParams_Fit_alpha_neg-alpha_pos-beta-exp_Fix_lossave,0.4,2981408,400742,0.07800696523867064,0.08078497287060221,1.2944078051143977,0.05,1.0,CV_LearningParams_Fit_alpha_neg-alpha_pos-beta-exp_Fix_lossave_
1,0,2,LearningParams_Fit_alpha_neg-alpha_pos-beta-exp_Fix_lossave,0.5777777777777777,2981408,400742,0.08160624310427668,0.07477462091301375,1.1301062439620593,0.05,1.0,CV_LearningParams_Fit_alpha_neg-alpha_pos-beta-exp_Fix_lossave_
2,0,3,LearningParams_Fit_alpha_neg-alpha_pos-beta-exp_Fix_lossave,0.4666666666666667,2981408,400742,0.05595231946576616,0.07137354468593547,1.2594265584316462,0.05,1.0,CV_LearningParams_Fit_alpha_neg-alpha_pos-beta-exp_Fix_lossave_
3,0,4,LearningParams_Fit_alpha_neg-alpha_pos-beta-exp_Fix_lossave,0.2888888888888889,2981408,400742,0.2484884286889843,0.24014455412519695,0.34886405320982605,0.05,1.0,CV_LearningParams_Fit_alpha_neg-alpha_pos-beta-exp_Fix_lossave_
0,0,1,LearningParams_Fit_alpha_neg-alpha_pos-beta-exp_Fix_lossave,0.6888888888888889,7013188,405027,0.09455832782808976,0.24880647869650244,0.1843663535006352,0.5459769381392103,1.0,CV_LearningParams_Fit_alpha_neg-alpha_pos-beta-exp_Fix_lossave_
1,0,2,LearningParams_Fit_alpha_neg-alpha_pos-beta-exp_Fix_lossave,0.4666666666666667,7013188,405027,0.08957696283856306,0.2319192823965224,0.2449663284650713,0.4591520129414337,1.0,CV_LearningParams_Fit_alpha_neg-alpha_pos-beta-exp_Fix_lossave_
2,0,3,LearningParams_Fit_alpha_neg-alpha_pos-beta-exp_Fix_lossave,0.4444444444444444,7013188,405027,0.05,0.15248033652253082,0.2855482729675093,0.5087803494991989,1.0,CV_LearningParams_Fit_alpha_neg-alpha_pos-beta-exp_Fix_lossave_
3,0,4,LearningParams_Fit_alpha_neg-alpha_pos-beta-exp_Fix_lossave,0.5777777777777777,7013188,405027,0.13158084093282102,0.3844420918781263,0.1425750526335399,0.4879071940407732,1.0,CV_LearningParams_Fit_alpha_neg-alpha_pos-beta-exp_Fix_lossave_
0,0,1,LearningParams_Fit_alpha_neg-alpha_pos-beta-exp_Fix_lossave,0.5555555555555556,86911,402997,0.13241075712019887,0.05,0.2446621201333665,0.9332279607353104,1.0,CV_LearningParams_Fit_alpha_neg-alpha_pos-beta-exp_Fix_lossave_
1,0,2,LearningParams_Fit_alpha_neg-alpha_pos-beta-exp_Fix_lossave,0.8222222222222222,86911,402997,0.09427186453680328,0.05,0.6959436199986011,0.6645638962803352,1.0,CV_LearningParams_Fit_alpha_neg-alpha_pos-beta-exp_Fix_lossave_
2,0,3,LearningParams_Fit_alpha_neg-alpha_pos-beta-exp_Fix_lossave,0.7777777777777778,86911,402997,1.335301536403104,1.0202611973295008,0.12953548665606265,0.5472573003512625,1.0,CV_LearningParams_Fit_alpha_neg-alpha_pos-beta-exp_Fix_lossave_
3,0,4,LearningParams_Fit_alpha_neg-alpha_pos-beta-exp_Fix_lossave,0.5333333333333333,86911,402997,0.4567561324144746,0.3972279209050445,0.08426744516566112,0.7582571158938404,1.0,CV_LearningParams_Fit_alpha_neg-alpha_pos-beta-exp_Fix_lossave_
0,0,1,LearningParams_Fit_alpha_neg-alpha_pos-beta-exp_Fix_lossave,0.7555555555555555,4596768,408662,0.4024245165481055,1.1515029271720385,0.0743984687303065,0.7809836198136301,1.0,CV_LearningParams_Fit_alpha_neg-alpha_pos-beta-exp_Fix_lossave_
1,0,2,LearningParams_Fit_alpha_neg-alpha_pos-beta-exp_Fix_lossave,0.7777777777777778,4596768,408662,0.05,1.9721529557775517,0.022527754077838563,0.8152736260084342,1.0,CV_LearningParams_Fit_alpha_neg-alpha_pos-beta-exp_Fix_lossave_
2,0,3,LearningParams_Fit_alpha_neg-alpha_pos-beta-exp_Fix_lossave,0.4666666666666667,4596768,408662,0.14337281877622518,0.2381843755541281,1.1007691715102583,0.5400591639120151,1.0,CV_LearningParams_Fit_alpha_neg-alpha_pos-beta-exp_Fix_lossave_
3,0,4,LearningParams_Fit_alpha_neg-alpha_pos-beta-exp_Fix_lossave,0.2888888888888889,4596768,408662,0.08851701236198589,0.1262616963246832,0.09342601147613892,0.947798943840768,1.0,CV_LearningParams_Fit_alpha_neg-alpha_pos-beta-exp_Fix_lossave_
0,0,1,LearningParams_Fit_alpha_neg-alpha_pos-beta-exp_Fix_lossave,0.4444444444444444,6862974,100062,0.05,0.05,0.0,0.05,1.0,CV_LearningParams_Fit_alpha_neg-alpha_pos-beta-exp_Fix_lossave_
1,0,2,LearningParams_Fit_alpha_neg-alpha_pos-beta-exp_Fix_lossave,0.4666666666666667,6862974,100062,0.05,1.451469716013846,0.020944629596057016,0.6964030261330424,1.0,CV_LearningParams_Fit_alpha_neg-alpha_pos-beta-exp_Fix_lossave_
2,0,3,LearningParams_Fit_alpha_neg-alpha_pos-beta-exp_Fix_lossave,0.5777777777777777,6862974,100062,0.05,0.05591953275776156,2.08696895726884,0.5213889920273571,1.0,CV_LearningParams_Fit_alpha_neg-alpha_pos-beta-exp_Fix_lossave_
3,0,4,LearningParams_Fit_alpha_neg-alpha_pos-beta-exp_Fix_lossave,0.8,6862974,100062,0.2951883003015435,0.7012327571748515,0.30707588881317305,0.6235313076641937,1.0,CV_LearningParams_Fit_alpha_neg-alpha_pos-beta-exp_Fix_lossave_
0,0,1,LearningParams_Fit_alpha_neg-alpha_pos-beta-exp_Fix_lossave,0.8666666666666667,5945762,100059,0.05,0.3670668389506993,0.41873799424972974,0.0886199727952709,1.0,CV_LearningParams_Fit_alpha_neg-alpha_pos-beta-exp_Fix_lossave_
1,0,2,LearningParams_Fit_alpha_neg-alpha_pos-beta-exp_Fix_lossave,0.5777777777777777,5945762,100059,0.08614473160127238,0.4045011328045,0.5478891637997381,0.0943565931377571,1.0,CV_LearningParams_Fit_alpha_neg-alpha_pos-beta-exp_Fix_lossave_
2,0,3,LearningParams_Fit_alpha_neg-alpha_pos-beta-exp_Fix_lossave,0.6888888888888889,5945762,100059,0.09573044413762197,0.4184335239062654,0.5149896928186675,0.0601898193538701,1.0,CV_LearningParams_Fit_alpha_neg-alpha_pos-beta-exp_Fix_lossave_
3,0,4,LearningParams_Fit_alpha_neg-alpha_pos-beta-exp_Fix_lossave,0.5333333333333333,5945762,100059,0.05,0.24181170992868384,0.8584278140956638,0.05,1.0,CV_LearningParams_Fit_alpha_neg-alpha_pos-beta-exp_Fix_lossave_
0,0,1,LearningParams_Fit_alpha_neg-alpha_pos-beta-exp_Fix_lossave,0.4222222222222222,9907064,100057,0.09081634615815416,0.09441757675979036,0.6484040773757913,0.4113505224151435,1.0,CV_LearningParams_Fit_alpha_neg-alpha_pos-beta-exp_Fix_lossave_
1,0,2,LearningParams_Fit_alpha_neg-alpha_pos-beta-exp_Fix_lossave,0.6222222222222222,9907064,100057,0.7653659034292124,2.0,0.031933650799359226,0.5238674430352138,1.0,CV_LearningParams_Fit_alpha_neg-alpha_pos-beta-exp_Fix_lossave_
2,0,3,LearningParams_Fit_alpha_neg-alpha_pos-beta-exp_Fix_lossave,0.3555555555555556,9907064,100057,0.05,0.07878109132992693,0.7152941537032399,0.31265881728284683,1.0,CV_LearningParams_Fit_alpha_neg-alpha_pos-beta-exp_Fix_lossave_
3,0,4,LearningParams_Fit_alpha_neg-alpha_pos-beta-exp_Fix_lossave,0.7777777777777778,9907064,100057,1.1309478939617157,1.5598029945367238,0.03642690063434687,0.4887058205705983,1.0,CV_LearningParams_Fit_alpha_neg-alpha_pos-beta-exp_Fix_lossave_
0,0,1,LearningParams_Fit_alpha_neg-alpha_pos-beta-exp_Fix_lossave,0.6222222222222222,2698469,200249,0.05,0.1808540679770985,0.4230960687784913,0.5348065980347885,1.0,CV_LearningParams_Fit_alpha_neg-alpha_pos-beta-exp_Fix_lossave_
1,0,2,LearningParams_Fit_alpha_neg-alpha_pos-beta-exp_Fix_lossave,0.7111111111111111,2698469,200249,0.2676648641857416,0.8654250703805009,0.36203916857946417,0.31344209571107245,1.0,CV_LearningParams_Fit_alpha_neg-alpha_pos-beta-exp_Fix_lossave_
2,0,3,LearningParams_Fit_alpha_neg-alpha_pos-beta-exp_Fix_lossave,0.5111111111111111,2698469,200249,0.21543191843918705,0.4427338807176372,0.5270853082683207,0.4001166439280053,1.0,CV_LearningParams_Fit_alpha_neg-alpha_pos-beta-exp_Fix_lossave_
3,0,4,LearningParams_Fit_alpha_neg-alpha_pos-beta-exp_Fix_lossave,0.7555555555555555,2698469,200249,0.15555701840855266,0.5000832638522847,0.3501422036849081,0.4884732737197518,1.0,CV_LearningParams_Fit_alpha_neg-alpha_pos-beta-exp_Fix_lossave_
0,0,1,LearningParams_Fit_alpha_neg-alpha_pos-beta-exp_Fix_lossave,0.5555555555555556,6900555,409874,1.829342035187003,2.0,0.12817930072628478,0.08593331685308638,1.0,CV_LearningParams_Fit_alpha_neg-alpha_pos-beta-exp_Fix_lossave_
1,0,2,LearningParams_Fit_alpha_neg-alpha_pos-beta-exp_Fix_lossave,0.26666666666666666,6900555,409874,1.4384790332819641,1.0854417047431424,0.1052194415224884,0.07750802506372209,1.0,CV_LearningParams_Fit_alpha_neg-alpha_pos-beta-exp_Fix_lossave_
2,0,3,LearningParams_Fit_alpha_neg-alpha_pos-beta-exp_Fix_lossave,0.5111111111111111,6900555,409874,1.7374036162893418,1.8488227538305972,0.0918605565051847,0.2975432342359631,1.0,CV_LearningParams_Fit_alpha_neg-alpha_pos-beta-exp_Fix_lossave_
3,0,4,LearningParams_Fit_alpha_neg-alpha_pos-beta-exp_Fix_lossave,0.4,6900555,409874,2.0,1.9894383337930617,0.16790984530425634,0.12276861002359855,1.0,CV_LearningParams_Fit_alpha_neg-alpha_pos-beta-exp_Fix_lossave_
0,0,1,LearningParams_Fit_alpha_neg-alpha_pos-beta-exp_Fix_lossave,0.5555555555555556,440725,311283,1.2001515591858425,1.9988662624385345,0.050687618400881575,0.2824449045012622,1.0,CV_LearningParams_Fit_alpha_neg-alpha_pos-beta-exp_Fix_lossave_
1,0,2,LearningParams_Fit_alpha_neg-alpha_pos-beta-exp_Fix_lossave,0.6666666666666666,440725,311283,0.05,0.06896316706853807,0.8566668391957925,0.3898960254405834,1.0,CV_LearningParams_Fit_alpha_neg-alpha_pos-beta-exp_Fix_lossave_
2,0,3,LearningParams_Fit_alpha_neg-alpha_pos-beta-exp_Fix_lossave,0.4444444444444444,440725,311283,1.1047192526762637,2.0,0.05841791447331745,0.2876777176132493,1.0,CV_LearningParams_Fit_alpha_neg-alpha_pos-beta-exp_Fix_lossave_
3,0,4,LearningParams_Fit_alpha_neg-alpha_pos-beta-exp_Fix_lossave,0.5333333333333333,440725,311283,0.5722082883239125,0.7288855588251407,0.18746341705620215,0.30244849359803544,1.0,CV_LearningParams_Fit_alpha_neg-alpha_pos-beta-exp_Fix_lossave_
0,0,1,LearningParams_Fit_alpha_neg-alpha_pos-beta-exp_Fix_lossave,0.6666666666666666,3776401,100051,0.05,0.3991725773943924,0.12053051798230535,0.18799636891347207,1.0,CV_LearningParams_Fit_alpha_neg-alpha_pos-beta-exp_Fix_lossave_
1,0,2,LearningParams_Fit_alpha_neg-alpha_pos-beta-exp_Fix_lossave,0.7333333333333333,3776401,100051,0.07032181889987002,2.0,0.03179926370707073,0.24654189196363996,1.0,CV_LearningParams_Fit_alpha_neg-alpha_pos-beta-exp_Fix_lossave_
2,0,3,LearningParams_Fit_alpha_neg-alpha_pos-beta-exp_Fix_lossave,0.7333333333333333,3776401,100051,0.05,2.0,0.010907380150932884,0.5848262507355191,1.0,CV_LearningParams_Fit_alpha_neg-alpha_pos-beta-exp_Fix_lossave_
3,0,4,LearningParams_Fit_alpha_neg-alpha_pos-beta-exp_Fix_lossave,0.7777777777777778,3776401,100051,0.2566911542570685,1.9999999876554504,0.010832697666118132,0.8099827881466529,1.0,CV_LearningParams_Fit_alpha_neg-alpha_pos-beta-exp_Fix_lossave_
0,0,1,LearningParams_Fit_alpha_neg-alpha_pos-beta-exp_Fix_lossave,0.4444444444444444,1026385,100191,0.05,0.09023021507135748,0.15006284684213855,0.875157943294062,1.0,CV_LearningParams_Fit_alpha_neg-alpha_pos-beta-exp_Fix_lossave_
1,0,2,LearningParams_Fit_alpha_neg-alpha_pos-beta-exp_Fix_lossave,0.4666666666666667,1026385,100191,0.05,0.19845037755578165,0.03654844745379943,1.0644866972643274,1.0,CV_LearningParams_Fit_alpha_neg-alpha_pos-beta-exp_Fix_lossave_
2,0,3,LearningParams_Fit_alpha_neg-alpha_pos-beta-exp_Fix_lossave,0.5333333333333333,1026385,100191,0.05,0.13704982626479406,0.0700117454978558,0.8788570339686121,1.0,CV_LearningParams_Fit_alpha_neg-alpha_pos-beta-exp_Fix_lossave_
3,0,4,LearningParams_Fit_alpha_neg-alpha_pos-beta-exp_Fix_lossave,0.6222222222222222,1026385,100191,0.6009644885230031,1.4519950312227083,0.3427999075733922,0.4173142513908592,1.0,CV_LearningParams_Fit_alpha_neg-alpha_pos-beta-exp_Fix_lossave_
0,0,1,LearningParams_Fit_alpha_neg-alpha_pos-beta-exp_Fix_lossave,0.5777777777777777,6602467,200025,0.05259758593988845,0.05,3.9506521987722216,0.5296824279874582,1.0,CV_LearningParams_Fit_alpha_neg-alpha_pos-beta-exp_Fix_lossave_
1,0,2,LearningParams_Fit_alpha_neg-alpha_pos-beta-exp_Fix_lossave,0.6666666666666666,6602467,200025,0.05,0.057105030518973025,3.1633861324477417,0.5574227695047835,1.0,CV_LearningParams_Fit_alpha_neg-alpha_pos-beta-exp_Fix_lossave_
2,0,3,LearningParams_Fit_alpha_neg-alpha_pos-beta-exp_Fix_lossave,0.6888888888888889,6602467,200025,0.05,1.2865459742827536,0.03835929136028792,0.9023200880110168,1.0,CV_LearningParams_Fit_alpha_neg-alpha_pos-beta-exp_Fix_lossave_
3,0,4,LearningParams_Fit_alpha_neg-alpha_pos-beta-exp_Fix_lossave,0.5111111111111111,6602467,200025,0.4600379467471084,0.9712734196703136,0.07313342457978357,0.6570531180070776,1.0,CV_LearningParams_Fit_alpha_neg-alpha_pos-beta-exp_Fix_lossave_
0,0,1,LearningParams_Fit_alpha_neg-alpha_pos-beta-exp_Fix_lossave,0.6888888888888889,2126227,200133,0.2097216845598064,0.5899323802237469,0.02715776862406057,0.9310928460605488,1.0,CV_LearningParams_Fit_alpha_neg-alpha_pos-beta-exp_Fix_lossave_
1,0,2,LearningParams_Fit_alpha_neg-alpha_pos-beta-exp_Fix_lossave,0.4222222222222222,2126227,200133,0.07301784306907637,0.1511013866293997,0.04801656145982119,0.8176028161607412,1.0,CV_LearningParams_Fit_alpha_neg-alpha_pos-beta-exp_Fix_lossave_
2,0,3,LearningParams_Fit_alpha_neg-alpha_pos-beta-exp_Fix_lossave,0.4888888888888889,2126227,200133,0.19625087810592567,0.3322923634465247,0.05158978435696642,0.7479987516891639,1.0,CV_LearningParams_Fit_alpha_neg-alpha_pos-beta-exp_Fix_lossave_
3,0,4,LearningParams_Fit_alpha_neg-alpha_pos-beta-exp_Fix_lossave,0.5555555555555556,2126227,200133,0.6513614841991598,1.57124072029963,0.025068601538286904,0.6075669345480961,1.0,CV_LearningParams_Fit_alpha_neg-alpha_pos-beta-exp_Fix_lossave_
0,0,1,LearningParams_Fit_alpha_neg-alpha_pos-beta-exp_Fix_lossave,0.5333333333333333,3699917,411477,1.1151751164551436,1.291554343686694,0.2531156585044095,0.15741975548938247,1.0,CV_LearningParams_Fit_alpha_neg-alpha_pos-beta-exp_Fix_lossave_
1,0,2,LearningParams_Fit_alpha_neg-alpha_pos-beta-exp_Fix_lossave,0.4666666666666667,3699917,411477,0.310166389817638,0.4278465855332744,0.3772440913918408,0.2079887929188551,1.0,CV_LearningParams_Fit_alpha_neg-alpha_pos-beta-exp_Fix_lossave_
2,0,3,LearningParams_Fit_alpha_neg-alpha_pos-beta-exp_Fix_lossave,0.37777777777777777,3699917,411477,1.0159311033275231,0.9649847577734988,0.2159280485101724,0.05,1.0,CV_LearningParams_Fit_alpha_neg-alpha_pos-beta-exp_Fix_lossave_
3,0,4,LearningParams_Fit_alpha_neg-alpha_pos-beta-exp_Fix_lossave,0.5555555555555556,3699917,411477,0.3306725640809292,0.5499017690161677,0.2265098333404565,0.05491958921288632,1.0,CV_LearningParams_Fit_alpha_neg-alpha_pos-beta-exp_Fix_lossave_
0,0,1,LearningParams_Fit_alpha_neg-alpha_pos-beta-exp_Fix_lossave,0.4871794871794872,6687058,100110,0.8986357080797424,1.1706253686718735,0.3414175147065321,0.22405303287305134,1.0,CV_LearningParams_Fit_alpha_neg-alpha_pos-beta-exp_Fix_lossave_
1,0,2,LearningParams_Fit_alpha_neg-alpha_pos-beta-exp_Fix_lossave,0.6153846153846154,6687058,100110,0.9308124780758656,1.1763341844502055,0.4123773817693125,0.05,1.0,CV_LearningParams_Fit_alpha_neg-alpha_pos-beta-exp_Fix_lossave_
2,0,3,LearningParams_Fit_alpha_neg-alpha_pos-beta-exp_Fix_lossave,0.6666666666666666,6687058,100110,1.2096334976125105,1.0931343236790103,0.24370407822993406,0.05,1.0,CV_LearningParams_Fit_alpha_neg-alpha_pos-beta-exp_Fix_lossave_
3,0,4,LearningParams_Fit_alpha_neg-alpha_pos-beta-exp_Fix_lossave,0.28205128205128205,6687058,100110,0.060270179112812725,0.05,2.2579063562886343,0.2225887168521425,1.0,CV_LearningParams_Fit_alpha_neg-alpha_pos-beta-exp_Fix_lossave_
0,0,1,LearningParams_Fit_alpha_neg-alpha_pos-beta-exp_Fix_lossave,0.3333333333333333,6636764,100185,1.2493478569085383,0.7511634970309196,0.2481669182287461,0.05,1.0,CV_LearningParams_Fit_alpha_neg-alpha_pos-beta-exp_Fix_lossave_
1,0,2,LearningParams_Fit_alpha_neg-alpha_pos-beta-exp_Fix_lossave,0.26666666666666666,6636764,100185,0.6765788718387827,0.5190955246432502,0.3134608664662743,0.23304885894402996,1.0,CV_LearningParams_Fit_alpha_neg-alpha_pos-beta-exp_Fix_lossave_
2,0,3,LearningParams_Fit_alpha_neg-alpha_pos-beta-exp_Fix_lossave,0.7333333333333333,6636764,100185,1.0104214785842367,1.3826584255948802,0.21095780731366456,0.06969339986057037,1.0,CV_LearningParams_Fit_alpha_neg-alpha_pos-beta-exp_Fix_lossave_
3,0,4,LearningParams_Fit_alpha_neg-alpha_pos-beta-exp_Fix_lossave,0.37777777777777777,6636764,100185,1.8888506411099515,1.3053800080774718,0.146058459831155,0.08500360436485324,1.0,CV_LearningParams_Fit_alpha_neg-alpha_pos-beta-exp_Fix_lossave_
0,0,1,LearningParams_Fit_alpha_neg-alpha_pos-beta-exp_Fix_lossave,0.6222222222222222,6191461,100244,0.17387784154783648,0.2795900940161015,7.560042109298553,0.05,1.0,CV_LearningParams_Fit_alpha_neg-alpha_pos-beta-exp_Fix_lossave_
1,0,2,LearningParams_Fit_alpha_neg-alpha_pos-beta-exp_Fix_lossave,0.5777777777777777,6191461,100244,0.8224088966723287,1.2530100851766672,0.7451363472086876,0.21675492495955573,1.0,CV_LearningParams_Fit_alpha_neg-alpha_pos-beta-exp_Fix_lossave_
2,0,3,LearningParams_Fit_alpha_neg-alpha_pos-beta-exp_Fix_lossave,0.8444444444444444,6191461,100244,0.839527660652573,1.9999999991652004,0.5381034503914358,0.19241672842680024,1.0,CV_LearningParams_Fit_alpha_neg-alpha_pos-beta-exp_Fix_lossave_
3,0,4,LearningParams_Fit_alpha_neg-alpha_pos-beta-exp_Fix_lossave,0.8222222222222222,6191461,100244,1.0377568686662002,1.9284297626193687,0.5547731384086887,0.05,1.0,CV_LearningParams_Fit_alpha_neg-alpha_pos-beta-exp_Fix_lossave_
0,0,1,LearningParams_Fit_alpha_neg-alpha_pos-beta-exp_Fix_lossave,0.8666666666666667,1730028,200156,0.05,1.576861877081133,0.020713945097378655,0.5890784576630095,1.0,CV_LearningParams_Fit_alpha_neg-alpha_pos-beta-exp_Fix_lossave_
1,0,2,LearningParams_Fit_alpha_neg-alpha_pos-beta-exp_Fix_lossave,0.2888888888888889,1730028,200156,0.05,0.10778167311198338,0.08302107813227047,0.7855507379035164,1.0,CV_LearningParams_Fit_alpha_neg-alpha_pos-beta-exp_Fix_lossave_
2,0,3,LearningParams_Fit_alpha_neg-alpha_pos-beta-exp_Fix_lossave,0.7111111111111111,1730028,200156,0.09586358058874464,2.0,0.020270038346674103,0.6008069969374958,1.0,CV_LearningParams_Fit_alpha_neg-alpha_pos-beta-exp_Fix_lossave_
3,0,4,LearningParams_Fit_alpha_neg-alpha_pos-beta-exp_Fix_lossave,0.5777777777777777,1730028,200156,0.07609611062345065,2.0,0.032531179491050166,0.37675765162584013,1.0,CV_LearningParams_Fit_alpha_neg-alpha_pos-beta-exp_Fix_lossave_
0,0,1,LearningParams_Fit_alpha_neg-alpha_pos-beta-exp_Fix_lossave,0.7333333333333333,3081230,200199,0.0944220515901758,0.4724092150365625,0.34426308951576706,0.05,1.0,CV_LearningParams_Fit_alpha_neg-alpha_pos-beta-exp_Fix_lossave_
1,0,2,LearningParams_Fit_alpha_neg-alpha_pos-beta-exp_Fix_lossave,0.7333333333333333,3081230,200199,0.20706193541622053,0.5303599675175313,0.3523002060163708,0.05,1.0,CV_LearningParams_Fit_alpha_neg-alpha_pos-beta-exp_Fix_lossave_
2,0,3,LearningParams_Fit_alpha_neg-alpha_pos-beta-exp_Fix_lossave,0.5111111111111111,3081230,200199,0.3545429602195033,0.4972754190079726,0.4161650782862671,0.05,1.0,CV_LearningParams_Fit_alpha_neg-alpha_pos-beta-exp_Fix_lossave_
3,0,4,LearningParams_Fit_alpha_neg-alpha_pos-beta-exp_Fix_lossave,0.6444444444444445,3081230,200199,0.23987550606014224,0.4556622822398423,0.4707344265062953,0.05,1.0,CV_LearningParams_Fit_alpha_neg-alpha_pos-beta-exp_Fix_lossave_
0,0,1,LearningParams_Fit_alpha_neg-alpha_pos-beta-exp_Fix_lossave,0.15555555555555556,915098,100105,0.4386684514975184,0.4039188884116297,0.523682185433693,0.0920552135394571,1.0,CV_LearningParams_Fit_alpha_neg-alpha_pos-beta-exp_Fix_lossave_
1,0,2,LearningParams_Fit_alpha_neg-alpha_pos-beta-exp_Fix_lossave,0.5555555555555556,915098,100105,0.27173715715610197,0.3933043595387604,0.4909204135965642,0.05,1.0,CV_LearningParams_Fit_alpha_neg-alpha_pos-beta-exp_Fix_lossave_
2,0,3,LearningParams_Fit_alpha_neg-alpha_pos-beta-exp_Fix_lossave,0.5333333333333333,915098,100105,0.0585674351950231,0.07385207218158601,3.914439404662249,0.20302498244000072,1.0,CV_LearningParams_Fit_alpha_neg-alpha_pos-beta-exp_Fix_lossave_
3,0,4,LearningParams_Fit_alpha_neg-alpha_pos-beta-exp_Fix_lossave,0.8222222222222222,915098,100105,0.2342922752715805,0.4507067961588109,0.5000837253621635,0.1159334827609408,1.0,CV_LearningParams_Fit_alpha_neg-alpha_pos-beta-exp_Fix_lossave_
0,0,1,LearningParams_Fit_alpha_neg-alpha_pos-beta-exp_Fix_lossave,0.5333333333333333,2395228,200162,0.05,0.26999497624511865,0.6102130550392892,0.2153725333803645,1.0,CV_LearningParams_Fit_alpha_neg-alpha_pos-beta-exp_Fix_lossave_
1,0,2,LearningParams_Fit_alpha_neg-alpha_pos-beta-exp_Fix_lossave,0.5555555555555556,2395228,200162,0.34214083428230924,0.9323447872714574,0.4002519956922449,0.2658559589047903,1.0,CV_LearningParams_Fit_alpha_neg-alpha_pos-beta-exp_Fix_lossave_
2,0,3,LearningParams_Fit_alpha_neg-alpha_pos-beta-exp_Fix_lossave,0.7333333333333333,2395228,200162,0.12941961188921944,1.9916094004199616,0.2283321945719188,0.05,1.0,CV_LearningParams_Fit_alpha_neg-alpha_pos-beta-exp_Fix_lossave_
3,0,4,LearningParams_Fit_alpha_neg-alpha_pos-beta-exp_Fix_lossave,0.7777777777777778,2395228,200162,0.05,0.6186272811474283,0.26330964390221273,0.2291204971284829,1.0,CV_LearningParams_Fit_alpha_neg-alpha_pos-beta-exp_Fix_lossave_
0,0,1,LearningParams_Fit_alpha_neg-alpha_pos-beta-exp_Fix_lossave,0.2888888888888889,956040,406620,0.05,0.07032161276696035,1.8043048236449373,0.6091085252224558,1.0,CV_LearningParams_Fit_alpha_neg-alpha_pos-beta-exp_Fix_lossave_
1,0,2,LearningParams_Fit_alpha_neg-alpha_pos-beta-exp_Fix_lossave,0.6222222222222222,956040,406620,0.05,0.13787042830910598,0.7029700987459971,0.7707867506703653,1.0,CV_LearningParams_Fit_alpha_neg-alpha_pos-beta-exp_Fix_lossave_
2,0,3,LearningParams_Fit_alpha_neg-alpha_pos-beta-exp_Fix_lossave,0.4,956040,406620,0.05,0.08696296267747243,0.11576870672458008,1.0529741223553415,1.0,CV_LearningParams_Fit_alpha_neg-alpha_pos-beta-exp_Fix_lossave_
3,0,4,LearningParams_Fit_alpha_neg-alpha_pos-beta-exp_Fix_lossave,0.7111111111111111,956040,406620,0.05,0.13048387216543994,0.2651022590620116,0.8960589064361622,1.0,CV_LearningParams_Fit_alpha_neg-alpha_pos-beta-exp_Fix_lossave_
0,0,1,LearningParams_Fit_alpha_neg-alpha_pos-beta-exp_Fix_lossave,0.7333333333333333,8149302,408952,0.05,0.07092648344439564,0.4016795459239577,0.7166335184849659,1.0,CV_LearningParams_Fit_alpha_neg-alpha_pos-beta-exp_Fix_lossave_
1,0,2,LearningParams_Fit_alpha_neg-alpha_pos-beta-exp_Fix_lossave,0.6222222222222222,8149302,408952,0.3669772668379511,1.0741598865505653,0.058171616535114185,0.7350487506822491,1.0,CV_LearningParams_Fit_alpha_neg-alpha_pos-beta-exp_Fix_lossave_
2,0,3,LearningParams_Fit_alpha_neg-alpha_pos-beta-exp_Fix_lossave,0.4888888888888889,8149302,408952,0.05,0.09381725826959716,0.8289396568815559,0.7135352127719138,1.0,CV_LearningParams_Fit_alpha_neg-alpha_pos-beta-exp_Fix_lossave_
3,0,4,LearningParams_Fit_alpha_neg-alpha_pos-beta-exp_Fix_lossave,0.7555555555555555,8149302,408952,0.05,0.05541790862587233,0.3290029275951319,0.7933772975810871,1.0,CV_LearningParams_Fit_alpha_neg-alpha_pos-beta-exp_Fix_lossave_
0,0,1,LearningParams_Fit_alpha_neg-alpha_pos-beta-exp_Fix_lossave,0.26666666666666666,2071632,311047,1.2026190086363673,2.0,0.09745958840260274,0.4743970322798952,1.0,CV_LearningParams_Fit_alpha_neg-alpha_pos-beta-exp_Fix_lossave_
1,0,2,LearningParams_Fit_alpha_neg-alpha_pos-beta-exp_Fix_lossave,0.7777777777777778,2071632,311047,0.05,0.08250227658880889,1.889600727545976,0.4336979223442712,1.0,CV_LearningParams_Fit_alpha_neg-alpha_pos-beta-exp_Fix_lossave_
2,0,3,LearningParams_Fit_alpha_neg-alpha_pos-beta-exp_Fix_lossave,0.4666666666666667,2071632,311047,1.3025823507375724,1.7138223084334019,0.1473659647024519,0.3843336608824708,1.0,CV_LearningParams_Fit_alpha_neg-alpha_pos-beta-exp_Fix_lossave_
3,0,4,LearningParams_Fit_alpha_neg-alpha_pos-beta-exp_Fix_lossave,0.5111111111111111,2071632,311047,1.0265764951414251,1.6104339950307491,0.1470433902673569,0.427946600653327,1.0,CV_LearningParams_Fit_alpha_neg-alpha_pos-beta-exp_Fix_lossave_
0,0,1,LearningParams_Fit_alpha_neg-alpha_pos-beta-exp_Fix_lossave,0.2222222222222222,6844996,400285,0.22030298317872712,0.3578676374057646,0.19203000024313227,0.4764072892244377,1.0,CV_LearningParams_Fit_alpha_neg-alpha_pos-beta-exp_Fix_lossave_
1,0,2,LearningParams_Fit_alpha_neg-alpha_pos-beta-exp_Fix_lossave,0.4444444444444444,6844996,400285,1.2330517346928354,2.0,0.1359969956115909,0.3898212710198668,1.0,CV_LearningParams_Fit_alpha_neg-alpha_pos-beta-exp_Fix_lossave_
2,0,3,LearningParams_Fit_alpha_neg-alpha_pos-beta-exp_Fix_lossave,0.7333333333333333,6844996,400285,0.05,0.28803824798436023,0.30994269627619225,0.7942742963431113,1.0,CV_LearningParams_Fit_alpha_neg-alpha_pos-beta-exp_Fix_lossave_
3,0,4,LearningParams_Fit_alpha_neg-alpha_pos-beta-exp_Fix_lossave,0.5333333333333333,6844996,400285,0.7329632292540648,1.9167668204047352,0.1553940073609527,0.32342829407081397,1.0,CV_LearningParams_Fit_alpha_neg-alpha_pos-beta-exp_Fix_lossave_
0,0,1,LearningParams_Fit_alpha_neg-alpha_pos-beta-exp_Fix_lossave,0.3111111111111111,12401,100104,1.584730683192038,0.9551648474711804,0.17950937944915787,0.10293501410318967,1.0,CV_LearningParams_Fit_alpha_neg-alpha_pos-beta-exp_Fix_lossave_
1,0,2,LearningParams_Fit_alpha_neg-alpha_pos-beta-exp_Fix_lossave,0.4444444444444444,12401,100104,1.939910638538544,1.25550506988611,0.17493078848394933,0.15620687662726274,1.0,CV_LearningParams_Fit_alpha_neg-alpha_pos-beta-exp_Fix_lossave_
2,0,3,LearningParams_Fit_alpha_neg-alpha_pos-beta-exp_Fix_lossave,0.06666666666666668,12401,100104,1.1578042402992217,0.07674109842957172,0.012568397258875898,0.9426248345895191,1.0,CV_LearningParams_Fit_alpha_neg-alpha_pos-beta-exp_Fix_lossave_
3,0,4,LearningParams_Fit_alpha_neg-alpha_pos-beta-exp_Fix_lossave,0.7555555555555555,12401,100104,0.4070938769298356,0.4733852015611912,0.3087701888774448,0.30846600921777395,1.0,CV_LearningParams_Fit_alpha_neg-alpha_pos-beta-exp_Fix_lossave_
0,0,1,LearningParams_Fit_alpha_neg-alpha_pos-beta-exp_Fix_lossave,0.7111111111111111,1268568,100169,0.08401337042869672,0.5349125382963128,0.2043187275934464,0.05,1.0,CV_LearningParams_Fit_alpha_neg-alpha_pos-beta-exp_Fix_lossave_
1,0,2,LearningParams_Fit_alpha_neg-alpha_pos-beta-exp_Fix_lossave,0.5777777777777777,1268568,100169,0.3901137214269797,0.9457928381347558,0.1873125358547712,0.05,1.0,CV_LearningParams_Fit_alpha_neg-alpha_pos-beta-exp_Fix_lossave_
2,0,3,LearningParams_Fit_alpha_neg-alpha_pos-beta-exp_Fix_lossave,0.6,1268568,100169,0.3182333355413983,1.1680798767142817,0.1643270755295035,0.05,1.0,CV_LearningParams_Fit_alpha_neg-alpha_pos-beta-exp_Fix_lossave_
3,0,4,LearningParams_Fit_alpha_neg-alpha_pos-beta-exp_Fix_lossave,0.7777777777777778,1268568,100169,0.05,0.21258392075088645,0.4887870018966351,0.05,1.0,CV_LearningParams_Fit_alpha_neg-alpha_pos-beta-exp_Fix_lossave_
0,0,1,LearningParams_Fit_alpha_neg-alpha_pos-beta-exp_Fix_lossave,0.7333333333333333,3460752,406925,0.054214905972019715,0.05,1.4235423717781028,0.7218700196996619,1.0,CV_LearningParams_Fit_alpha_neg-alpha_pos-beta-exp_Fix_lossave_
1,0,2,LearningParams_Fit_alpha_neg-alpha_pos-beta-exp_Fix_lossave,0.5333333333333333,3460752,406925,0.05,1.4284489178898034,0.027103545452286704,0.8451353057760729,1.0,CV_LearningParams_Fit_alpha_neg-alpha_pos-beta-exp_Fix_lossave_
2,0,3,LearningParams_Fit_alpha_neg-alpha_pos-beta-exp_Fix_lossave,0.8666666666666667,3460752,406925,0.13219095033724615,1.8705926480136648,0.026843760230952862,0.7657841679324399,1.0,CV_LearningParams_Fit_alpha_neg-alpha_pos-beta-exp_Fix_lossave_
3,0,4,LearningParams_Fit_alpha_neg-alpha_pos-beta-exp_Fix_lossave,0.7111111111111111,3460752,406925,0.05615189368560048,0.05,1.7893474438027437,0.6483143903292063,1.0,CV_LearningParams_Fit_alpha_neg-alpha_pos-beta-exp_Fix_lossave_
0,0,1,LearningParams_Fit_alpha_neg-alpha_pos-beta-exp_Fix_lossave,0.37777777777777777,9687143,100250,0.4719923532580991,0.05,0.2859307546228869,0.2672494882885864,1.0,CV_LearningParams_Fit_alpha_neg-alpha_pos-beta-exp_Fix_lossave_
1,0,2,LearningParams_Fit_alpha_neg-alpha_pos-beta-exp_Fix_lossave,0.2,9687143,100250,1.1316648409334236,0.17102852627093718,0.3018905519021049,0.10370618333420506,1.0,CV_LearningParams_Fit_alpha_neg-alpha_pos-beta-exp_Fix_lossave_
2,0,3,LearningParams_Fit_alpha_neg-alpha_pos-beta-exp_Fix_lossave,0.3111111111111111,9687143,100250,0.5387048593096787,0.05,0.19715654610054212,0.337377284597499,1.0,CV_LearningParams_Fit_alpha_neg-alpha_pos-beta-exp_Fix_lossave_
3,0,4,LearningParams_Fit_alpha_neg-alpha_pos-beta-exp_Fix_lossave,0.4444444444444444,9687143,100250,0.14138182014155887,0.05,1.0610941079828224,0.2941803303368033,1.0,CV_LearningParams_Fit_alpha_neg-alpha_pos-beta-exp_Fix_lossave_
0,0,1,LearningParams_Fit_alpha_neg-alpha_pos-beta-exp_Fix_lossave,0.4888888888888889,8641377,100241,0.05,0.4910525418591418,0.8090965467923077,0.3317371615038603,1.0,CV_LearningParams_Fit_alpha_neg-alpha_pos-beta-exp_Fix_lossave_
1,0,2,LearningParams_Fit_alpha_neg-alpha_pos-beta-exp_Fix_lossave,0.6,8641377,100241,0.05,2.0,0.47984803229252204,0.4710429049652439,1.0,CV_LearningParams_Fit_alpha_neg-alpha_pos-beta-exp_Fix_lossave_
2,0,3,LearningParams_Fit_alpha_neg-alpha_pos-beta-exp_Fix_lossave,0.6,8641377,100241,0.05,1.3310150739090754,0.3570763875019814,0.2414757305599319,1.0,CV_LearningParams_Fit_alpha_neg-alpha_pos-beta-exp_Fix_lossave_
3,0,4,LearningParams_Fit_alpha_neg-alpha_pos-beta-exp_Fix_lossave,0.6888888888888889,8641377,100241,0.05,1.0225612587056163,0.4710992072216691,0.3223234899974614,1.0,CV_LearningParams_Fit_alpha_neg-alpha_pos-beta-exp_Fix_lossave_
0,0,1,LearningParams_Fit_alpha_neg-alpha_pos-beta-exp_Fix_lossave,0.4,4149170,306587,0.09769414383323052,0.05,0.8581909597683726,0.05,1.0,CV_LearningParams_Fit_alpha_neg-alpha_pos-beta-exp_Fix_lossave_
1,0,2,LearningParams_Fit_alpha_neg-alpha_pos-beta-exp_Fix_lossave,0.2,4149170,306587,0.2482501905344104,0.05,0.7966377572116965,0.05,1.0,CV_LearningParams_Fit_alpha_neg-alpha_pos-beta-exp_Fix_lossave_
2,0,3,LearningParams_Fit_alpha_neg-alpha_pos-beta-exp_Fix_lossave,0.3111111111111111,4149170,306587,0.1036158561696994,0.05,1.7838240122762792,0.05,1.0,CV_LearningParams_Fit_alpha_neg-alpha_pos-beta-exp_Fix_lossave_
3,0,4,LearningParams_Fit_alpha_neg-alpha_pos-beta-exp_Fix_lossave,0.5555555555555556,4149170,306587,0.6606788972101262,0.46257311207453705,0.23673966051898326,0.05,1.0,CV_LearningParams_Fit_alpha_neg-alpha_pos-beta-exp_Fix_lossave_
0,0,1,LearningParams_Fit_alpha_neg-alpha_pos-beta-exp_Fix_lossave,0.6,8289803,408988,0.1425703391224277,0.05,3.707144786102375,0.3049826466899979,1.0,CV_LearningParams_Fit_alpha_neg-alpha_pos-beta-exp_Fix_lossave_
1,0,2,LearningParams_Fit_alpha_neg-alpha_pos-beta-exp_Fix_lossave,0.9111111111111112,8289803,408988,1.283216694685259,0.7064562117660794,0.17666407976356766,0.4339937210280344,1.0,CV_LearningParams_Fit_alpha_neg-alpha_pos-beta-exp_Fix_lossave_
2,0,3,LearningParams_Fit_alpha_neg-alpha_pos-beta-exp_Fix_lossave,0.26666666666666666,8289803,408988,2.0,0.05,0.16539130420398804,0.2634682938872661,1.0,CV_LearningParams_Fit_alpha_neg-alpha_pos-beta-exp_Fix_lossave_
3,0,4,LearningParams_Fit_alpha_neg-alpha_pos-beta-exp_Fix_lossave,0.4222222222222222,8289803,408988,0.0921180880565733,0.05,10.143368421405569,0.3119779793817621,1.0,CV_LearningParams_Fit_alpha_neg-alpha_pos-beta-exp_Fix_lossave_
0,0,1,LearningParams_Fit_alpha_neg-alpha_pos-beta-exp_Fix_lossave,0.8,8286941,406980,0.05,1.3504288932663362,0.07368245203120642,0.3900771891482162,1.0,CV_LearningParams_Fit_alpha_neg-alpha_pos-beta-exp_Fix_lossave_
1,0,2,LearningParams_Fit_alpha_neg-alpha_pos-beta-exp_Fix_lossave,0.4444444444444444,8286941,406980,0.05,0.8724792839944082,0.029758580448453024,0.6569847328680286,1.0,CV_LearningParams_Fit_alpha_neg-alpha_pos-beta-exp_Fix_lossave_
2,0,3,LearningParams_Fit_alpha_neg-alpha_pos-beta-exp_Fix_lossave,0.5777777777777777,8286941,406980,0.05,0.2341446081759099,0.23467380732500176,0.6250829467301923,1.0,CV_LearningParams_Fit_alpha_neg-alpha_pos-beta-exp_Fix_lossave_
3,0,4,LearningParams_Fit_alpha_neg-alpha_pos-beta-exp_Fix_lossave,0.6222222222222222,8286941,406980,0.05,0.3705393127857693,0.1654229514227757,0.4724053223532615,1.0,CV_LearningParams_Fit_alpha_neg-alpha_pos-beta-exp_Fix_lossave_
0,0,1,LearningParams_Fit_alpha_neg-alpha_pos-beta-exp_Fix_lossave,0.5777777777777777,9269610,100042,0.105700477256394,0.0954982002126869,1.3904457344375507,0.05,1.0,CV_LearningParams_Fit_alpha_neg-alpha_pos-beta-exp_Fix_lossave_
1,0,2,LearningParams_Fit_alpha_neg-alpha_pos-beta-exp_Fix_lossave,0.3111111111111111,9269610,100042,1.5028276758932502,1.1359830120896224,0.22391732352067095,0.19122630428930493,1.0,CV_LearningParams_Fit_alpha_neg-alpha_pos-beta-exp_Fix_lossave_
2,0,3,LearningParams_Fit_alpha_neg-alpha_pos-beta-exp_Fix_lossave,0.6222222222222222,9269610,100042,1.3489500959185856,0.8052939600931163,0.14143418369983862,0.16599850322552326,1.0,CV_LearningParams_Fit_alpha_neg-alpha_pos-beta-exp_Fix_lossave_
3,0,4,LearningParams_Fit_alpha_neg-alpha_pos-beta-exp_Fix_lossave,0.2888888888888889,9269610,100042,0.3952687470275775,0.27554240982405304,0.2698146319421552,0.3222608655138981,1.0,CV_LearningParams_Fit_alpha_neg-alpha_pos-beta-exp_Fix_lossave_
0,0,1,LearningParams_Fit_alpha_neg-alpha_pos-beta-exp_Fix_lossave,0.7777777777777778,7804258,407260,0.1014193512118584,0.05,0.4613156312693492,0.5718427268177602,1.0,CV_LearningParams_Fit_alpha_neg-alpha_pos-beta-exp_Fix_lossave_
1,0,2,LearningParams_Fit_alpha_neg-alpha_pos-beta-exp_Fix_lossave,0.3111111111111111,7804258,407260,1.1681569699196528,0.5878128369249761,0.1322010784947426,0.4456409177309429,1.0,CV_LearningParams_Fit_alpha_neg-alpha_pos-beta-exp_Fix_lossave_
2,0,3,LearningParams_Fit_alpha_neg-alpha_pos-beta-exp_Fix_lossave,0.2222222222222222,7804258,407260,2.0,0.6992681663942514,0.14770281386768647,0.3200422228491404,1.0,CV_LearningParams_Fit_alpha_neg-alpha_pos-beta-exp_Fix_lossave_
3,0,4,LearningParams_Fit_alpha_neg-alpha_pos-beta-exp_Fix_lossave,0.5555555555555556,7804258,407260,2.0,0.7477177274853926,0.11399001266523436,0.33485246093170684,1.0,CV_LearningParams_Fit_alpha_neg-alpha_pos-beta-exp_Fix_lossave_
0,0,1,LearningParams_Fit_alpha_neg-alpha_pos-beta-exp_Fix_lossave,0.7555555555555555,554385,311760,0.8540413958971822,0.8329451700663574,0.2756600833141733,0.4674655962252671,1.0,CV_LearningParams_Fit_alpha_neg-alpha_pos-beta-exp_Fix_lossave_
1,0,2,LearningParams_Fit_alpha_neg-alpha_pos-beta-exp_Fix_lossave,0.37777777777777777,554385,311760,0.08066744132946928,0.05,6.326990445964454,0.32179647794936983,1.0,CV_LearningParams_Fit_alpha_neg-alpha_pos-beta-exp_Fix_lossave_
2,0,3,LearningParams_Fit_alpha_neg-alpha_pos-beta-exp_Fix_lossave,0.7333333333333333,554385,311760,0.056886259207501816,0.05,5.8599954215042525,0.4144112344077852,1.0,CV_LearningParams_Fit_alpha_neg-alpha_pos-beta-exp_Fix_lossave_
3,0,4,LearningParams_Fit_alpha_neg-alpha_pos-beta-exp_Fix_lossave,0.26666666666666666,554385,311760,0.09318343259816303,0.05,3.4133798432704308,0.4100932619339037,1.0,CV_LearningParams_Fit_alpha_neg-alpha_pos-beta-exp_Fix_lossave_
0,0,1,LearningParams_Fit_alpha_neg-alpha_pos-beta-exp_Fix_lossave,0.2888888888888889,8068343,306065,1.5630561171944592,1.6766706480019458,0.17355570222051656,0.3273080917211607,1.0,CV_LearningParams_Fit_alpha_neg-alpha_pos-beta-exp_Fix_lossave_
1,0,2,LearningParams_Fit_alpha_neg-alpha_pos-beta-exp_Fix_lossave,0.4444444444444444,8068343,306065,2.0,1.9431475940510332,0.2298705618084961,0.23815995358358594,1.0,CV_LearningParams_Fit_alpha_neg-alpha_pos-beta-exp_Fix_lossave_
2,0,3,LearningParams_Fit_alpha_neg-alpha_pos-beta-exp_Fix_lossave,0.6666666666666666,8068343,306065,0.05,0.05659157827815739,2.3324247171543067,0.4705306372218771,1.0,CV_LearningParams_Fit_alpha_neg-alpha_pos-beta-exp_Fix_lossave_
3,0,4,LearningParams_Fit_alpha_neg-alpha_pos-beta-exp_Fix_lossave,0.2888888888888889,8068343,306065,0.06899030460385545,0.05,2.713535676466268,0.37269355153366535,1.0,CV_LearningParams_Fit_alpha_neg-alpha_pos-beta-exp_Fix_lossave_
0,0,1,LearningParams_Fit_alpha_neg-alpha_pos-beta-exp_Fix_lossave,0.13333333333333333,9171216,100109,1.1472128957636536,0.6363771962436047,0.10593326890797798,0.14282032035167616,1.0,CV_LearningParams_Fit_alpha_neg-alpha_pos-beta-exp_Fix_lossave_
1,0,2,LearningParams_Fit_alpha_neg-alpha_pos-beta-exp_Fix_lossave,0.7333333333333333,9171216,100109,1.4566721886546212,1.7818566185233906,0.1964789385469222,0.05,1.0,CV_LearningParams_Fit_alpha_neg-alpha_pos-beta-exp_Fix_lossave_
2,0,3,LearningParams_Fit_alpha_neg-alpha_pos-beta-exp_Fix_lossave,0.3111111111111111,9171216,100109,0.06936327460473228,0.05054174332636724,2.3775935312844423,0.16335891029263575,1.0,CV_LearningParams_Fit_alpha_neg-alpha_pos-beta-exp_Fix_lossave_
3,0,4,LearningParams_Fit_alpha_neg-alpha_pos-beta-exp_Fix_lossave,0.6222222222222222,9171216,100109,0.05,0.05617690454188076,1.7382164008774328,0.15395603629478824,1.0,CV_LearningParams_Fit_alpha_neg-alpha_pos-beta-exp_Fix_lossave_
0,0,1,LearningParams_Fit_alpha_neg-alpha_pos-beta-exp_Fix_lossave,0.4222222222222222,8964672,200164,0.9716154840374788,0.9692407965789276,0.21724773262492356,0.05,1.0,CV_LearningParams_Fit_alpha_neg-alpha_pos-beta-exp_Fix_lossave_
1,0,2,LearningParams_Fit_alpha_neg-alpha_pos-beta-exp_Fix_lossave,0.6,8964672,200164,0.05,0.06744179444464099,2.0640909581858766,0.1507320599066847,1.0,CV_LearningParams_Fit_alpha_neg-alpha_pos-beta-exp_Fix_lossave_
2,0,3,LearningParams_Fit_alpha_neg-alpha_pos-beta-exp_Fix_lossave,0.26666666666666666,8964672,200164,0.08551537251617024,0.07934777273485101,1.932726054816592,0.07912713218555302,1.0,CV_LearningParams_Fit_alpha_neg-alpha_pos-beta-exp_Fix_lossave_
3,0,4,LearningParams_Fit_alpha_neg-alpha_pos-beta-exp_Fix_lossave,0.8,8964672,200164,0.7845991148465191,1.2940295455767552,0.21580360093657144,0.05,1.0,CV_LearningParams_Fit_alpha_neg-alpha_pos-beta-exp_Fix_lossave_
0,0,1,LearningParams_Fit_alpha_neg-alpha_pos-beta-exp_Fix_lossave,0.5333333333333333,1601906,100247,1.4936691954430794,2.0,0.07260266301964494,0.4428910729739906,1.0,CV_LearningParams_Fit_alpha_neg-alpha_pos-beta-exp_Fix_lossave_
1,0,2,LearningParams_Fit_alpha_neg-alpha_pos-beta-exp_Fix_lossave,0.5333333333333333,1601906,100247,0.24376790795168266,0.204910342636702,0.4671920873181013,0.4730665273924594,1.0,CV_LearningParams_Fit_alpha_neg-alpha_pos-beta-exp_Fix_lossave_
2,0,3,LearningParams_Fit_alpha_neg-alpha_pos-beta-exp_Fix_lossave,0.7111111111111111,1601906,100247,0.9528193992589636,0.9155079603184954,0.04705629733907978,0.5893673216265748,1.0,CV_LearningParams_Fit_alpha_neg-alpha_pos-beta-exp_Fix_lossave_
3,0,4,LearningParams_Fit_alpha_neg-alpha_pos-beta-exp_Fix_lossave,0.2888888888888889,1601906,100247,0.10090628139526908,0.05,0.3846139062126598,0.7240005110870908,1.0,CV_LearningParams_Fit_alpha_neg-alpha_pos-beta-exp_Fix_lossave_
0,0,1,LearningParams_Fit_alpha_neg-alpha_pos-beta-exp_Fix_lossave,0.4222222222222222,7448039,200088,0.5146013345308647,0.5781638002810248,0.07793041501406135,0.5278979689521317,1.0,CV_LearningParams_Fit_alpha_neg-alpha_pos-beta-exp_Fix_lossave_
1,0,2,LearningParams_Fit_alpha_neg-alpha_pos-beta-exp_Fix_lossave,0.6666666666666666,7448039,200088,0.07771782734332394,1.9803830435445204,0.03473764105453083,0.35947666493397706,1.0,CV_LearningParams_Fit_alpha_neg-alpha_pos-beta-exp_Fix_lossave_
2,0,3,LearningParams_Fit_alpha_neg-alpha_pos-beta-exp_Fix_lossave,0.6222222222222222,7448039,200088,0.05,0.05676335504163296,2.3688193604469245,0.4031508647894165,1.0,CV_LearningParams_Fit_alpha_neg-alpha_pos-beta-exp_Fix_lossave_
3,0,4,LearningParams_Fit_alpha_neg-alpha_pos-beta-exp_Fix_lossave,0.9111111111111112,7448039,200088,1.192678594806356,1.9701874484354656,0.16040671005952167,0.3219230776185141,1.0,CV_LearningParams_Fit_alpha_neg-alpha_pos-beta-exp_Fix_lossave_
0,0,1,LearningParams_Fit_alpha_neg-alpha_pos-beta-exp_Fix_lossave,0.6444444444444445,6864400,408394,0.05,0.26754153875719905,0.05095847601096471,1.0014327836133607,1.0,CV_LearningParams_Fit_alpha_neg-alpha_pos-beta-exp_Fix_lossave_
1,0,2,LearningParams_Fit_alpha_neg-alpha_pos-beta-exp_Fix_lossave,0.37777777777777777,6864400,408394,0.05,0.05601915353229075,0.8408497027655678,0.7093209394156919,1.0,CV_LearningParams_Fit_alpha_neg-alpha_pos-beta-exp_Fix_lossave_
2,0,3,LearningParams_Fit_alpha_neg-alpha_pos-beta-exp_Fix_lossave,0.7111111111111111,6864400,408394,0.4649988887650981,1.7045841040059744,0.0679757453192272,0.7685941660980619,1.0,CV_LearningParams_Fit_alpha_neg-alpha_pos-beta-exp_Fix_lossave_
3,0,4,LearningParams_Fit_alpha_neg-alpha_pos-beta-exp_Fix_lossave,0.6666666666666666,6864400,408394,0.05,0.09316667008328933,1.3461776675307329,0.576392765166649,1.0,CV_LearningParams_Fit_alpha_neg-alpha_pos-beta-exp_Fix_lossave_
0,0,1,LearningParams_Fit_alpha_neg-alpha_pos-beta-exp_Fix_lossave,0.3555555555555556,2859056,200056,0.3828308438927661,0.3860135667699334,0.5366874893492494,0.2080576644192568,1.0,CV_LearningParams_Fit_alpha_neg-alpha_pos-beta-exp_Fix_lossave_
1,0,2,LearningParams_Fit_alpha_neg-alpha_pos-beta-exp_Fix_lossave,0.4666666666666667,2859056,200056,0.05257988911138998,0.07912116283129404,1.7946516508248611,0.05,1.0,CV_LearningParams_Fit_alpha_neg-alpha_pos-beta-exp_Fix_lossave_
2,0,3,LearningParams_Fit_alpha_neg-alpha_pos-beta-exp_Fix_lossave,0.4444444444444444,2859056,200056,0.05,0.07850665178081995,1.0626692976048977,0.05,1.0,CV_LearningParams_Fit_alpha_neg-alpha_pos-beta-exp_Fix_lossave_
3,0,4,LearningParams_Fit_alpha_neg-alpha_pos-beta-exp_Fix_lossave,0.7555555555555555,2859056,200056,0.5898593912051875,0.9009524069468876,0.2502281471644148,0.09252877619025432,1.0,CV_LearningParams_Fit_alpha_neg-alpha_pos-beta-exp_Fix_lossave_
0,0,1,LearningParams_Fit_alpha_neg-alpha_pos-beta-exp_Fix_lossave,0.6888888888888889,7270444,100009,0.3787207799565053,0.6399583836439611,0.16802151578712335,0.14642707409496794,1.0,CV_LearningParams_Fit_alpha_neg-alpha_pos-beta-exp_Fix_lossave_
1,0,2,LearningParams_Fit_alpha_neg-alpha_pos-beta-exp_Fix_lossave,0.3333333333333333,7270444,100009,0.16334706494546655,0.15277170074438182,0.5676570823075151,0.05,1.0,CV_LearningParams_Fit_alpha_neg-alpha_pos-beta-exp_Fix_lossave_
2,0,3,LearningParams_Fit_alpha_neg-alpha_pos-beta-exp_Fix_lossave,0.6666666666666666,7270444,100009,0.3989493298153221,0.6377953171959899,0.18947440834021387,0.05272824178108604,1.0,CV_LearningParams_Fit_alpha_neg-alpha_pos-beta-exp_Fix_lossave_
3,0,4,LearningParams_Fit_alpha_neg-alpha_pos-beta-exp_Fix_lossave,0.4444444444444444,7270444,100009,0.5373897185389213,0.7768930117107813,0.11405528678179527,0.05,1.0,CV_LearningParams_Fit_alpha_neg-alpha_pos-beta-exp_Fix_lossave_
0,0,1,LearningParams_Fit_alpha_neg-alpha_pos-beta-exp_Fix_lossave,0.6444444444444445,2258042,406989,0.6753827000830696,0.732872896938231,0.04176015968560785,0.6146950273999681,1.0,CV_LearningParams_Fit_alpha_neg-alpha_pos-beta-exp_Fix_lossave_
1,0,2,LearningParams_Fit_alpha_neg-alpha_pos-beta-exp_Fix_lossave,0.5777777777777777,2258042,406989,1.1490871955964717,0.6909332943231223,0.07960568336483716,0.4784322286385821,1.0,CV_LearningParams_Fit_alpha_neg-alpha_pos-beta-exp_Fix_lossave_
2,0,3,LearningParams_Fit_alpha_neg-alpha_pos-beta-exp_Fix_lossave,0.3111111111111111,2258042,406989,1.425291532799865,1.4452685985740887,0.06663666975820982,0.4967557550656201,1.0,CV_LearningParams_Fit_alpha_neg-alpha_pos-beta-exp_Fix_lossave_
3,0,4,LearningParams_Fit_alpha_neg-alpha_pos-beta-exp_Fix_lossave,0.4888888888888889,2258042,406989,0.18825999804671495,0.15448598491519067,0.08651482534269689,0.7448524787923321,1.0,CV_LearningParams_Fit_alpha_neg-alpha_pos-beta-exp_Fix_lossave_
0,0,1,LearningParams_Fit_alpha_neg-alpha_pos-beta-exp_Fix_lossave,0.4444444444444444,6485857,411256,0.05,0.05,0.0,0.05,1.0,CV_LearningParams_Fit_alpha_neg-alpha_pos-beta-exp_Fix_lossave_
1,0,2,LearningParams_Fit_alpha_neg-alpha_pos-beta-exp_Fix_lossave,0.8222222222222222,6485857,411256,0.05,0.06884555904588384,0.3203536465107213,0.9146115223834322,1.0,CV_LearningParams_Fit_alpha_neg-alpha_pos-beta-exp_Fix_lossave_
2,0,3,LearningParams_Fit_alpha_neg-alpha_pos-beta-exp_Fix_lossave,0.7555555555555555,6485857,411256,0.05,0.09203838673869448,1.5641479269978495,0.6633671813944026,1.0,CV_LearningParams_Fit_alpha_neg-alpha_pos-beta-exp_Fix_lossave_
3,0,4,LearningParams_Fit_alpha_neg-alpha_pos-beta-exp_Fix_lossave,0.8444444444444444,6485857,411256,0.0632692181548198,1.4043611015902908,0.029687063124503508,0.8694057976791201,1.0,CV_LearningParams_Fit_alpha_neg-alpha_pos-beta-exp_Fix_lossave_
0,0,1,LearningParams_Fit_alpha_neg-alpha_pos-beta-exp_Fix_lossave,0.4888888888888889,9407459,200211,0.9773262614536676,1.2186269241490255,0.2003789919111924,0.05137077043367638,1.0,CV_LearningParams_Fit_alpha_neg-alpha_pos-beta-exp_Fix_lossave_
1,0,2,LearningParams_Fit_alpha_neg-alpha_pos-beta-exp_Fix_lossave,0.7333333333333333,9407459,200211,0.2874734646152565,0.5965562593734457,0.35716309115980155,0.05,1.0,CV_LearningParams_Fit_alpha_neg-alpha_pos-beta-exp_Fix_lossave_
2,0,3,LearningParams_Fit_alpha_neg-alpha_pos-beta-exp_Fix_lossave,0.4444444444444444,9407459,200211,0.44869135113923453,0.468128472276062,0.3490988125095866,0.05,1.0,CV_LearningParams_Fit_alpha_neg-alpha_pos-beta-exp_Fix_lossave_
3,0,4,LearningParams_Fit_alpha_neg-alpha_pos-beta-exp_Fix_lossave,0.4,9407459,200211,0.05470200795612371,0.0537267706482601,2.1734482286629553,0.180230351623844,1.0,CV_LearningParams_Fit_alpha_neg-alpha_pos-beta-exp_Fix_lossave_
0,0,1,LearningParams_Fit_alpha_neg-alpha_pos-beta-exp_Fix_lossave,0.6,3232476,100188,0.05,0.5336835677053299,0.4400700854403502,0.05,1.0,CV_LearningParams_Fit_alpha_neg-alpha_pos-beta-exp_Fix_lossave_
1,0,2,LearningParams_Fit_alpha_neg-alpha_pos-beta-exp_Fix_lossave,0.6666666666666666,3232476,100188,0.05,0.44133308948293937,0.5394975859179437,0.05,1.0,CV_LearningParams_Fit_alpha_neg-alpha_pos-beta-exp_Fix_lossave_
2,0,3,LearningParams_Fit_alpha_neg-alpha_pos-beta-exp_Fix_lossave,0.7555555555555555,3232476,100188,0.05,0.7030158070846951,0.4605571975316438,0.05,1.0,CV_LearningParams_Fit_alpha_neg-alpha_pos-beta-exp_Fix_lossave_
3,0,4,LearningParams_Fit_alpha_neg-alpha_pos-beta-exp_Fix_lossave,0.7555555555555555,3232476,100188,0.05,0.5408923813985969,0.373227303390498,0.05,1.0,CV_LearningParams_Fit_alpha_neg-alpha_pos-beta-exp_Fix_lossave_
0,0,1,LearningParams_Fit_alpha_neg-alpha_pos-beta-exp_Fix_lossave,0.4,3856639,409850,0.05,0.05,0.0,0.05,1.0,CV_LearningParams_Fit_alpha_neg-alpha_pos-beta-exp_Fix_lossave_
1,0,2,LearningParams_Fit_alpha_neg-alpha_pos-beta-exp_Fix_lossave,0.37777777777777777,3856639,409850,0.05,0.05689399273420946,1.8707667112292892,0.6627319312835283,1.0,CV_LearningParams_Fit_alpha_neg-alpha_pos-beta-exp_Fix_lossave_
2,0,3,LearningParams_Fit_alpha_neg-alpha_pos-beta-exp_Fix_lossave,0.6666666666666666,3856639,409850,0.05,0.08900178262992063,0.4638870427719918,0.8208312645251651,1.0,CV_LearningParams_Fit_alpha_neg-alpha_pos-beta-exp_Fix_lossave_
3,0,4,LearningParams_Fit_alpha_neg-alpha_pos-beta-exp_Fix_lossave,0.5111111111111111,3856639,409850,0.05,0.07730980487599086,1.9336457427743752,0.6173191596403463,1.0,CV_LearningParams_Fit_alpha_neg-alpha_pos-beta-exp_Fix_lossave_
0,0,1,LearningParams_Fit_alpha_neg-alpha_pos-beta-exp_Fix_lossave,0.7333333333333333,5162703,407672,0.06388048754251965,0.05,0.4394882673154221,1.0326905427017463,1.0,CV_LearningParams_Fit_alpha_neg-alpha_pos-beta-exp_Fix_lossave_
1,0,2,LearningParams_Fit_alpha_neg-alpha_pos-beta-exp_Fix_lossave,0.5777777777777777,5162703,407672,0.05,0.05,0.2286738999576897,1.2314130247451749,1.0,CV_LearningParams_Fit_alpha_neg-alpha_pos-beta-exp_Fix_lossave_
2,0,3,LearningParams_Fit_alpha_neg-alpha_pos-beta-exp_Fix_lossave,0.5333333333333333,5162703,407672,0.05,0.05172107030499056,0.10886894958942693,1.1870509742174742,1.0,CV_LearningParams_Fit_alpha_neg-alpha_pos-beta-exp_Fix_lossave_
3,0,4,LearningParams_Fit_alpha_neg-alpha_pos-beta-exp_Fix_lossave,0.8888888888888888,5162703,407672,0.058249658635782235,0.05,0.2572340634563208,1.1491079536515905,1.0,CV_LearningParams_Fit_alpha_neg-alpha_pos-beta-exp_Fix_lossave_
0,0,1,LearningParams_Fit_alpha_neg-alpha_pos-beta-exp_Fix_lossave,0.4222222222222222,3683006,409381,0.05002605638446364,1.9999799531256597,0.028975732862313187,0.7908818960376734,1.0,CV_LearningParams_Fit_alpha_neg-alpha_pos-beta-exp_Fix_lossave_
1,0,2,LearningParams_Fit_alpha_neg-alpha_pos-beta-exp_Fix_lossave,0.6666666666666666,3683006,409381,0.05,0.060198975667366476,0.6378922178423047,0.7221739319917541,1.0,CV_LearningParams_Fit_alpha_neg-alpha_pos-beta-exp_Fix_lossave_
2,0,3,LearningParams_Fit_alpha_neg-alpha_pos-beta-exp_Fix_lossave,0.6666666666666666,3683006,409381,0.05,0.06600136593315199,0.10292142887107243,1.0598621098562424,1.0,CV_LearningParams_Fit_alpha_neg-alpha_pos-beta-exp_Fix_lossave_
3,0,4,LearningParams_Fit_alpha_neg-alpha_pos-beta-exp_Fix_lossave,0.7555555555555555,3683006,409381,0.05,1.9995406147450967,0.027126777601884026,0.6546813660092923,1.0,CV_LearningParams_Fit_alpha_neg-alpha_pos-beta-exp_Fix_lossave_
0,0,1,LearningParams_Fit_alpha_neg-alpha_pos-beta-exp_Fix_lossave,0.6666666666666666,8444966,100128,0.05,2.0,0.0065292587380238395,0.7859754991325174,1.0,CV_LearningParams_Fit_alpha_neg-alpha_pos-beta-exp_Fix_lossave_
1,0,2,LearningParams_Fit_alpha_neg-alpha_pos-beta-exp_Fix_lossave,0.7333333333333333,8444966,100128,0.05,1.4311098807859086,0.011220831588314934,0.7757860654361926,1.0,CV_LearningParams_Fit_alpha_neg-alpha_pos-beta-exp_Fix_lossave_
2,0,3,LearningParams_Fit_alpha_neg-alpha_pos-beta-exp_Fix_lossave,0.5333333333333333,8444966,100128,0.05713403465312874,0.05,0.07336565692177227,0.9717991575269886,1.0,CV_LearningParams_Fit_alpha_neg-alpha_pos-beta-exp_Fix_lossave_
3,0,4,LearningParams_Fit_alpha_neg-alpha_pos-beta-exp_Fix_lossave,0.4444444444444444,8444966,100128,0.16776274740371655,0.2023839992848787,0.07544691243921381,0.8346728114222313,1.0,CV_LearningParams_Fit_alpha_neg-alpha_pos-beta-exp_Fix_lossave_
0,0,1,LearningParams_Fit_alpha_neg-alpha_pos-beta-exp_Fix_lossave,0.5111111111111111,2875624,100152,0.05,0.0845683154339469,0.6611804258117276,0.6393353339871224,1.0,CV_LearningParams_Fit_alpha_neg-alpha_pos-beta-exp_Fix_lossave_
1,0,2,LearningParams_Fit_alpha_neg-alpha_pos-beta-exp_Fix_lossave,0.3555555555555556,2875624,100152,0.07140371010487262,0.10785630004884117,0.2254044072081089,0.8377674040950606,1.0,CV_LearningParams_Fit_alpha_neg-alpha_pos-beta-exp_Fix_lossave_
2,0,3,LearningParams_Fit_alpha_neg-alpha_pos-beta-exp_Fix_lossave,0.5333333333333333,2875624,100152,0.05,0.12097201982827953,0.8459997927535391,0.6790857883084571,1.0,CV_LearningParams_Fit_alpha_neg-alpha_pos-beta-exp_Fix_lossave_
3,0,4,LearningParams_Fit_alpha_neg-alpha_pos-beta-exp_Fix_lossave,0.4888888888888889,2875624,100152,0.3352927790560723,0.9816963811556044,0.07993920910587755,0.7168622414525408,1.0,CV_LearningParams_Fit_alpha_neg-alpha_pos-beta-exp_Fix_lossave_
0,0,1,LearningParams_Fit_alpha_neg-alpha_pos-beta-exp_Fix_lossave,0.9111111111111112,2384274,200085,0.05,0.4345349627662728,0.2526793494003326,0.19027784434377265,1.0,CV_LearningParams_Fit_alpha_neg-alpha_pos-beta-exp_Fix_lossave_
1,0,2,LearningParams_Fit_alpha_neg-alpha_pos-beta-exp_Fix_lossave,0.4666666666666667,2384274,200085,0.05,0.24790962147769144,0.7495074632040849,0.079485895444961,1.0,CV_LearningParams_Fit_alpha_neg-alpha_pos-beta-exp_Fix_lossave_
2,0,3,LearningParams_Fit_alpha_neg-alpha_pos-beta-exp_Fix_lossave,0.6222222222222222,2384274,200085,0.05,0.4265736165135414,0.3003494366700044,0.05,1.0,CV_LearningParams_Fit_alpha_neg-alpha_pos-beta-exp_Fix_lossave_
3,0,4,LearningParams_Fit_alpha_neg-alpha_pos-beta-exp_Fix_lossave,0.7111111111111111,2384274,200085,0.05,0.22243151987729548,0.4907130906522792,0.13162296100498266,1.0,CV_LearningParams_Fit_alpha_neg-alpha_pos-beta-exp_Fix_lossave_
0,0,1,LearningParams_Fit_alpha_neg-alpha_pos-beta-exp_Fix_lossave,0.6222222222222222,1511618,100003,0.05,0.25902524091641554,0.6369290057071715,0.2545817474515649,1.0,CV_LearningParams_Fit_alpha_neg-alpha_pos-beta-exp_Fix_lossave_
1,0,2,LearningParams_Fit_alpha_neg-alpha_pos-beta-exp_Fix_lossave,0.6,1511618,100003,0.05,0.11860593218810653,2.546725017848082,0.2588169730518419,1.0,CV_LearningParams_Fit_alpha_neg-alpha_pos-beta-exp_Fix_lossave_
2,0,3,LearningParams_Fit_alpha_neg-alpha_pos-beta-exp_Fix_lossave,0.8222222222222222,1511618,100003,0.05,0.24015291927454124,0.6617591115571929,0.3810430708005222,1.0,CV_LearningParams_Fit_alpha_neg-alpha_pos-beta-exp_Fix_lossave_
3,0,4,LearningParams_Fit_alpha_neg-alpha_pos-beta-exp_Fix_lossave,0.5777777777777777,1511618,100003,0.05,0.2556834554823258,0.42248371029775705,0.40187237167214507,1.0,CV_LearningParams_Fit_alpha_neg-alpha_pos-beta-exp_Fix_lossave_
0,0,1,LearningParams_Fit_alpha_neg-alpha_pos-beta-exp_Fix_lossave,0.6888888888888889,7094877,100243,0.5751260666758451,2.0,0.2566736551255759,0.13478155501830358,1.0,CV_LearningParams_Fit_alpha_neg-alpha_pos-beta-exp_Fix_lossave_
1,0,2,LearningParams_Fit_alpha_neg-alpha_pos-beta-exp_Fix_lossave,0.6888888888888889,7094877,100243,0.23134934312868866,1.9648590271475983,0.2718027047498296,0.13261768398939108,1.0,CV_LearningParams_Fit_alpha_neg-alpha_pos-beta-exp_Fix_lossave_
2,0,3,LearningParams_Fit_alpha_neg-alpha_pos-beta-exp_Fix_lossave,0.6888888888888889,7094877,100243,0.18331898063703006,2.0,0.2331105078575348,0.0775681158915976,1.0,CV_LearningParams_Fit_alpha_neg-alpha_pos-beta-exp_Fix_lossave_
3,0,4,LearningParams_Fit_alpha_neg-alpha_pos-beta-exp_Fix_lossave,0.3555555555555556,7094877,100243,0.09470989325743084,0.2379474754627667,1.094607317084035,0.2262579488809029,1.0,CV_LearningParams_Fit_alpha_neg-alpha_pos-beta-exp_Fix_lossave_
